# vtk DataFile Version 4.2
vtk output
ASCII
DATASET UNSTRUCTURED_GRID
POINTS 2880 float
-0.004 -0.004 0.0037 -0.00375 -0.004 0.0037 -0.00375 -0.00375 0.0037 
-0.004 -0.00375 0.0037 -0.0035 -0.004 0.0037 -0.0035 -0.00375 0.0037 
-0.00325 -0.004 0.0037 -0.00325 -0.00375 0.0037 -0.003 -0.004 0.0037 
-0.003 -0.00375 0.0037 -0.00375 -0.0035 0.0037 -0.004 -0.0035 0.0037 
-0.0035 -0.0035 0.0037 -0.00325 -0.0035 0.0037 -0.003 -0.0035 0.0037 
-0.00375 -0.00325 0.0037 -0.004 -0.00325 0.0037 -0.0035 -0.00325 0.0037 
-0.00325 -0.00325 0.0037 -0.003 -0.00325 0.0037 -0.00375 -0.003 0.0037 
-0.004 -0.003 0.0037 -0.0035 -0.003 0.0037 -0.00325 -0.003 0.0037 
-0.003 -0.003 0.0037 -0.00375 -0.00275 0.0037 -0.004 -0.00275 0.0037 
-0.0035 -0.00275 0.0037 -0.00325 -0.00275 0.0037 -0.003 -0.00275 0.0037 
-0.00375 -0.0025 0.0037 -0.004 -0.0025 0.0037 -0.0035 -0.0025 0.0037 
-0.00325 -0.0025 0.0037 -0.003 -0.0025 0.0037 -0.00375 -0.00225 0.0037 
-0.004 -0.00225 0.0037 -0.0035 -0.00225 0.0037 -0.00325 -0.00225 0.0037 
-0.003 -0.00225 0.0037 -0.00375 -0.002 0.0037 -0.004 -0.002 0.0037 
-0.0035 -0.002 0.0037 -0.00325 -0.002 0.0037 -0.003 -0.002 0.0037 
-0.004 -0.004 0.004 -0.00375 -0.004 0.004 -0.00375 -0.00375 0.004 
-0.004 -0.00375 0.004 -0.0035 -0.004 0.004 -0.0035 -0.00375 0.004 
-0.00325 -0.004 0.004 -0.00325 -0.00375 0.004 -0.003 -0.004 0.004 
-0.003 -0.00375 0.004 -0.00375 -0.0035 0.004 -0.004 -0.0035 0.004 
-0.0035 -0.0035 0.004 -0.00325 -0.0035 0.004 -0.003 -0.0035 0.004 
-0.00375 -0.00325 0.004 -0.004 -0.00325 0.004 -0.0035 -0.00325 0.004 
-0.00325 -0.00325 0.004 -0.003 -0.00325 0.004 -0.00375 -0.003 0.004 
-0.004 -0.003 0.004 -0.0035 -0.003 0.004 -0.00325 -0.003 0.004 
-0.003 -0.003 0.004 -0.00375 -0.00275 0.004 -0.004 -0.00275 0.004 
-0.0035 -0.00275 0.004 -0.00325 -0.00275 0.004 -0.003 -0.00275 0.004 
-0.00375 -0.0025 0.004 -0.004 -0.0025 0.004 -0.0035 -0.0025 0.004 
-0.00325 -0.0025 0.004 -0.003 -0.0025 0.004 -0.00375 -0.00225 0.004 
-0.004 -0.00225 0.004 -0.0035 -0.00225 0.004 -0.00325 -0.00225 0.004 
-0.003 -0.00225 0.004 -0.00375 -0.002 0.004 -0.004 -0.002 0.004 
-0.0035 -0.002 0.004 -0.00325 -0.002 0.004 -0.003 -0.002 0.004 
-0.003 -0.004 0.0037 -0.00275 -0.004 0.0037 -0.00275 -0.00375 0.0037 
-0.003 -0.00375 0.0037 -0.0025 -0.004 0.0037 -0.0025 -0.00375 0.0037 
-0.00225 -0.004 0.0037 -0.00225 -0.00375 0.0037 -0.002 -0.004 0.0037 
-0.002 -0.00375 0.0037 -0.00275 -0.0035 0.0037 -0.003 -0.0035 0.0037 
-0.0025 -0.0035 0.0037 -0.00225 -0.0035 0.0037 -0.002 -0.0035 0.0037 
-0.00275 -0.00325 0.0037 -0.003 -0.00325 0.0037 -0.0025 -0.00325 0.0037 
-0.00225 -0.00325 0.0037 -0.002 -0.00325 0.0037 -0.00275 -0.003 0.0037 
-0.003 -0.003 0.0037 -0.0025 -0.003 0.0037 -0.00225 -0.003 0.0037 
-0.002 -0.003 0.0037 -0.00275 -0.00275 0.0037 -0.003 -0.00275 0.0037 
-0.0025 -0.00275 0.0037 -0.00225 -0.00275 0.0037 -0.002 -0.00275 0.0037 
-0.00275 -0.0025 0.0037 -0.003 -0.0025 0.0037 -0.0025 -0.0025 0.0037 
-0.00225 -0.0025 0.0037 -0.002 -0.0025 0.0037 -0.00275 -0.00225 0.0037 
-0.003 -0.00225 0.0037 -0.0025 -0.00225 0.0037 -0.00225 -0.00225 0.0037 
-0.002 -0.00225 0.0037 -0.00275 -0.002 0.0037 -0.003 -0.002 0.0037 
-0.0025 -0.002 0.0037 -0.00225 -0.002 0.0037 -0.002 -0.002 0.0037 
-0.003 -0.004 0.004 -0.00275 -0.004 0.004 -0.00275 -0.00375 0.004 
-0.003 -0.00375 0.004 -0.0025 -0.004 0.004 -0.0025 -0.00375 0.004 
-0.00225 -0.004 0.004 -0.00225 -0.00375 0.004 -0.002 -0.004 0.004 
-0.002 -0.00375 0.004 -0.00275 -0.0035 0.004 -0.003 -0.0035 0.004 
-0.0025 -0.0035 0.004 -0.00225 -0.0035 0.004 -0.002 -0.0035 0.004 
-0.00275 -0.00325 0.004 -0.003 -0.00325 0.004 -0.0025 -0.00325 0.004 
-0.00225 -0.00325 0.004 -0.002 -0.00325 0.004 -0.00275 -0.003 0.004 
-0.003 -0.003 0.004 -0.0025 -0.003 0.004 -0.00225 -0.003 0.004 
-0.002 -0.003 0.004 -0.00275 -0.00275 0.004 -0.003 -0.00275 0.004 
-0.0025 -0.00275 0.004 -0.00225 -0.00275 0.004 -0.002 -0.00275 0.004 
-0.00275 -0.0025 0.004 -0.003 -0.0025 0.004 -0.0025 -0.0025 0.004 
-0.00225 -0.0025 0.004 -0.002 -0.0025 0.004 -0.00275 -0.00225 0.004 
-0.003 -0.00225 0.004 -0.0025 -0.00225 0.004 -0.00225 -0.00225 0.004 
-0.002 -0.00225 0.004 -0.00275 -0.002 0.004 -0.003 -0.002 0.004 
-0.0025 -0.002 0.004 -0.00225 -0.002 0.004 -0.002 -0.002 0.004 
-0.002 -0.004 0.0037 -0.00175 -0.004 0.0037 -0.00175 -0.00375 0.0037 
-0.002 -0.00375 0.0037 -0.0015 -0.004 0.0037 -0.0015 -0.00375 0.0037 
-0.00125 -0.004 0.0037 -0.00125 -0.00375 0.0037 -0.001 -0.004 0.0037 
-0.001 -0.00375 0.0037 -0.00175 -0.0035 0.0037 -0.002 -0.0035 0.0037 
-0.0015 -0.0035 0.0037 -0.00125 -0.0035 0.0037 -0.001 -0.0035 0.0037 
-0.00175 -0.00325 0.0037 -0.002 -0.00325 0.0037 -0.0015 -0.00325 0.0037 
-0.00125 -0.00325 0.0037 -0.001 -0.00325 0.0037 -0.00175 -0.003 0.0037 
-0.002 -0.003 0.0037 -0.0015 -0.003 0.0037 -0.00125 -0.003 0.0037 
-0.001 -0.003 0.0037 -0.00175 -0.00275 0.0037 -0.002 -0.00275 0.0037 
-0.0015 -0.00275 0.0037 -0.00125 -0.00275 0.0037 -0.001 -0.00275 0.0037 
-0.00175 -0.0025 0.0037 -0.002 -0.0025 0.0037 -0.0015 -0.0025 0.0037 
-0.00125 -0.0025 0.0037 -0.001 -0.0025 0.0037 -0.00175 -0.00225 0.0037 
-0.002 -0.00225 0.0037 -0.0015 -0.00225 0.0037 -0.00125 -0.00225 0.0037 
-0.001 -0.00225 0.0037 -0.00175 -0.002 0.0037 -0.002 -0.002 0.0037 
-0.0015 -0.002 0.0037 -0.00125 -0.002 0.0037 -0.001 -0.002 0.0037 
-0.002 -0.004 0.004 -0.00175 -0.004 0.004 -0.00175 -0.00375 0.004 
-0.002 -0.00375 0.004 -0.0015 -0.004 0.004 -0.0015 -0.00375 0.004 
-0.00125 -0.004 0.004 -0.00125 -0.00375 0.004 -0.001 -0.004 0.004 
-0.001 -0.00375 0.004 -0.00175 -0.0035 0.004 -0.002 -0.0035 0.004 
-0.0015 -0.0035 0.004 -0.00125 -0.0035 0.004 -0.001 -0.0035 0.004 
-0.00175 -0.00325 0.004 -0.002 -0.00325 0.004 -0.0015 -0.00325 0.004 
-0.00125 -0.00325 0.004 -0.001 -0.00325 0.004 -0.00175 -0.003 0.004 
-0.002 -0.003 0.004 -0.0015 -0.003 0.004 -0.00125 -0.003 0.004 
-0.001 -0.003 0.004 -0.00175 -0.00275 0.004 -0.002 -0.00275 0.004 
-0.0015 -0.00275 0.004 -0.00125 -0.00275 0.004 -0.001 -0.00275 0.004 
-0.00175 -0.0025 0.004 -0.002 -0.0025 0.004 -0.0015 -0.0025 0.004 
-0.00125 -0.0025 0.004 -0.001 -0.0025 0.004 -0.00175 -0.00225 0.004 
-0.002 -0.00225 0.004 -0.0015 -0.00225 0.004 -0.00125 -0.00225 0.004 
-0.001 -0.00225 0.004 -0.00175 -0.002 0.004 -0.002 -0.002 0.004 
-0.0015 -0.002 0.004 -0.00125 -0.002 0.004 -0.001 -0.002 0.004 
-0.001 -0.004 0.0037 -0.00075 -0.004 0.0037 -0.00075 -0.00375 0.0037 
-0.001 -0.00375 0.0037 -0.0005 -0.004 0.0037 -0.0005 -0.00375 0.0037 
-0.00025 -0.004 0.0037 -0.00025 -0.00375 0.0037 0 -0.004 0.0037 
0 -0.00375 0.0037 -0.00075 -0.0035 0.0037 -0.001 -0.0035 0.0037 
-0.0005 -0.0035 0.0037 -0.00025 -0.0035 0.0037 0 -0.0035 0.0037 
-0.00075 -0.00325 0.0037 -0.001 -0.00325 0.0037 -0.0005 -0.00325 0.0037 
-0.00025 -0.00325 0.0037 0 -0.00325 0.0037 -0.00075 -0.003 0.0037 
-0.001 -0.003 0.0037 -0.0005 -0.003 0.0037 -0.00025 -0.003 0.0037 
0 -0.003 0.0037 -0.00075 -0.00275 0.0037 -0.001 -0.00275 0.0037 
-0.0005 -0.00275 0.0037 -0.00025 -0.00275 0.0037 0 -0.00275 0.0037 
-0.00075 -0.0025 0.0037 -0.001 -0.0025 0.0037 -0.0005 -0.0025 0.0037 
-0.00025 -0.0025 0.0037 0 -0.0025 0.0037 -0.00075 -0.00225 0.0037 
-0.001 -0.00225 0.0037 -0.0005 -0.00225 0.0037 -0.00025 -0.00225 0.0037 
0 -0.00225 0.0037 -0.00075 -0.002 0.0037 -0.001 -0.002 0.0037 
-0.0005 -0.002 0.0037 -0.00025 -0.002 0.0037 0 -0.002 0.0037 
-0.001 -0.004 0.004 -0.00075 -0.004 0.004 -0.00075 -0.00375 0.004 
-0.001 -0.00375 0.004 -0.0005 -0.004 0.004 -0.0005 -0.00375 0.004 
-0.00025 -0.004 0.004 -0.00025 -0.00375 0.004 0 -0.004 0.004 
0 -0.00375 0.004 -0.00075 -0.0035 0.004 -0.001 -0.0035 0.004 
-0.0005 -0.0035 0.004 -0.00025 -0.0035 0.004 0 -0.0035 0.004 
-0.00075 -0.00325 0.004 -0.001 -0.00325 0.004 -0.0005 -0.00325 0.004 
-0.00025 -0.00325 0.004 0 -0.00325 0.004 -0.00075 -0.003 0.004 
-0.001 -0.003 0.004 -0.0005 -0.003 0.004 -0.00025 -0.003 0.004 
0 -0.003 0.004 -0.00075 -0.00275 0.004 -0.001 -0.00275 0.004 
-0.0005 -0.00275 0.004 -0.00025 -0.00275 0.004 0 -0.00275 0.004 
-0.00075 -0.0025 0.004 -0.001 -0.0025 0.004 -0.0005 -0.0025 0.004 
-0.00025 -0.0025 0.004 0 -0.0025 0.004 -0.00075 -0.00225 0.004 
-0.001 -0.00225 0.004 -0.0005 -0.00225 0.004 -0.00025 -0.00225 0.004 
0 -0.00225 0.004 -0.00075 -0.002 0.004 -0.001 -0.002 0.004 
-0.0005 -0.002 0.004 -0.00025 -0.002 0.004 0 -0.002 0.004 
0 -0.004 0.0037 0.00025 -0.004 0.0037 0.00025 -0.00375 0.0037 
0 -0.00375 0.0037 0.0005 -0.004 0.0037 0.0005 -0.00375 0.0037 
0.00075 -0.004 0.0037 0.00075 -0.00375 0.0037 0.001 -0.004 0.0037 
0.001 -0.00375 0.0037 0.00025 -0.0035 0.0037 0 -0.0035 0.0037 
0.0005 -0.0035 0.0037 0.00075 -0.0035 0.0037 0.001 -0.0035 0.0037 
0.00025 -0.00325 0.0037 0 -0.00325 0.0037 0.0005 -0.00325 0.0037 
0.00075 -0.00325 0.0037 0.001 -0.00325 0.0037 0.00025 -0.003 0.0037 
0 -0.003 0.0037 0.0005 -0.003 0.0037 0.00075 -0.003 0.0037 
0.001 -0.003 0.0037 0.00025 -0.00275 0.0037 0 -0.00275 0.0037 
0.0005 -0.00275 0.0037 0.00075 -0.00275 0.0037 0.001 -0.00275 0.0037 
0.00025 -0.0025 0.0037 0 -0.0025 0.0037 0.0005 -0.0025 0.0037 
0.00075 -0.0025 0.0037 0.001 -0.0025 0.0037 0.00025 -0.00225 0.0037 
0 -0.00225 0.0037 0.0005 -0.00225 0.0037 0.00075 -0.00225 0.0037 
0.001 -0.00225 0.0037 0.00025 -0.002 0.0037 0 -0.002 0.0037 
0.0005 -0.002 0.0037 0.00075 -0.002 0.0037 0.001 -0.002 0.0037 
0 -0.004 0.004 0.00025 -0.004 0.004 0.00025 -0.00375 0.004 
0 -0.00375 0.004 0.0005 -0.004 0.004 0.0005 -0.00375 0.004 
0.00075 -0.004 0.004 0.00075 -0.00375 0.004 0.001 -0.004 0.004 
0.001 -0.00375 0.004 0.00025 -0.0035 0.004 0 -0.0035 0.004 
0.0005 -0.0035 0.004 0.00075 -0.0035 0.004 0.001 -0.0035 0.004 
0.00025 -0.00325 0.004 0 -0.00325 0.004 0.0005 -0.00325 0.004 
0.00075 -0.00325 0.004 0.001 -0.00325 0.004 0.00025 -0.003 0.004 
0 -0.003 0.004 0.0005 -0.003 0.004 0.00075 -0.003 0.004 
0.001 -0.003 0.004 0.00025 -0.00275 0.004 0 -0.00275 0.004 
0.0005 -0.00275 0.004 0.00075 -0.00275 0.004 0.001 -0.00275 0.004 
0.00025 -0.0025 0.004 0 -0.0025 0.004 0.0005 -0.0025 0.004 
0.00075 -0.0025 0.004 0.001 -0.0025 0.004 0.00025 -0.00225 0.004 
0 -0.00225 0.004 0.0005 -0.00225 0.004 0.00075 -0.00225 0.004 
0.001 -0.00225 0.004 0.00025 -0.002 0.004 0 -0.002 0.004 
0.0005 -0.002 0.004 0.00075 -0.002 0.004 0.001 -0.002 0.004 
0.001 -0.004 0.0037 0.00125 -0.004 0.0037 0.00125 -0.00375 0.0037 
0.001 -0.00375 0.0037 0.0015 -0.004 0.0037 0.0015 -0.00375 0.0037 
0.00175 -0.004 0.0037 0.00175 -0.00375 0.0037 0.002 -0.004 0.0037 
0.002 -0.00375 0.0037 0.00125 -0.0035 0.0037 0.001 -0.0035 0.0037 
0.0015 -0.0035 0.0037 0.00175 -0.0035 0.0037 0.002 -0.0035 0.0037 
0.00125 -0.00325 0.0037 0.001 -0.00325 0.0037 0.0015 -0.00325 0.0037 
0.00175 -0.00325 0.0037 0.002 -0.00325 0.0037 0.00125 -0.003 0.0037 
0.001 -0.003 0.0037 0.0015 -0.003 0.0037 0.00175 -0.003 0.0037 
0.002 -0.003 0.0037 0.00125 -0.00275 0.0037 0.001 -0.00275 0.0037 
0.0015 -0.00275 0.0037 0.00175 -0.00275 0.0037 0.002 -0.00275 0.0037 
0.00125 -0.0025 0.0037 0.001 -0.0025 0.0037 0.0015 -0.0025 0.0037 
0.00175 -0.0025 0.0037 0.002 -0.0025 0.0037 0.00125 -0.00225 0.0037 
0.001 -0.00225 0.0037 0.0015 -0.00225 0.0037 0.00175 -0.00225 0.0037 
0.002 -0.00225 0.0037 0.00125 -0.002 0.0037 0.001 -0.002 0.0037 
0.0015 -0.002 0.0037 0.00175 -0.002 0.0037 0.002 -0.002 0.0037 
0.001 -0.004 0.004 0.00125 -0.004 0.004 0.00125 -0.00375 0.004 
0.001 -0.00375 0.004 0.0015 -0.004 0.004 0.0015 -0.00375 0.004 
0.00175 -0.004 0.004 0.00175 -0.00375 0.004 0.002 -0.004 0.004 
0.002 -0.00375 0.004 0.00125 -0.0035 0.004 0.001 -0.0035 0.004 
0.0015 -0.0035 0.004 0.00175 -0.0035 0.004 0.002 -0.0035 0.004 
0.00125 -0.00325 0.004 0.001 -0.00325 0.004 0.0015 -0.00325 0.004 
0.00175 -0.00325 0.004 0.002 -0.00325 0.004 0.00125 -0.003 0.004 
0.001 -0.003 0.004 0.0015 -0.003 0.004 0.00175 -0.003 0.004 
0.002 -0.003 0.004 0.00125 -0.00275 0.004 0.001 -0.00275 0.004 
0.0015 -0.00275 0.004 0.00175 -0.00275 0.004 0.002 -0.00275 0.004 
0.00125 -0.0025 0.004 0.001 -0.0025 0.004 0.0015 -0.0025 0.004 
0.00175 -0.0025 0.004 0.002 -0.0025 0.004 0.00125 -0.00225 0.004 
0.001 -0.00225 0.004 0.0015 -0.00225 0.004 0.00175 -0.00225 0.004 
0.002 -0.00225 0.004 0.00125 -0.002 0.004 0.001 -0.002 0.004 
0.0015 -0.002 0.004 0.00175 -0.002 0.004 0.002 -0.002 0.004 
0.002 -0.004 0.0037 0.00225 -0.004 0.0037 0.00225 -0.00375 0.0037 
0.002 -0.00375 0.0037 0.0025 -0.004 0.0037 0.0025 -0.00375 0.0037 
0.00275 -0.004 0.0037 0.00275 -0.00375 0.0037 0.003 -0.004 0.0037 
0.003 -0.00375 0.0037 0.00225 -0.0035 0.0037 0.002 -0.0035 0.0037 
0.0025 -0.0035 0.0037 0.00275 -0.0035 0.0037 0.003 -0.0035 0.0037 
0.00225 -0.00325 0.0037 0.002 -0.00325 0.0037 0.0025 -0.00325 0.0037 
0.00275 -0.00325 0.0037 0.003 -0.00325 0.0037 0.00225 -0.003 0.0037 
0.002 -0.003 0.0037 0.0025 -0.003 0.0037 0.00275 -0.003 0.0037 
0.003 -0.003 0.0037 0.00225 -0.00275 0.0037 0.002 -0.00275 0.0037 
0.0025 -0.00275 0.0037 0.00275 -0.00275 0.0037 0.003 -0.00275 0.0037 
0.00225 -0.0025 0.0037 0.002 -0.0025 0.0037 0.0025 -0.0025 0.0037 
0.00275 -0.0025 0.0037 0.003 -0.0025 0.0037 0.00225 -0.00225 0.0037 
0.002 -0.00225 0.0037 0.0025 -0.00225 0.0037 0.00275 -0.00225 0.0037 
0.003 -0.00225 0.0037 0.00225 -0.002 0.0037 0.002 -0.002 0.0037 
0.0025 -0.002 0.0037 0.00275 -0.002 0.0037 0.003 -0.002 0.0037 
0.002 -0.004 0.004 0.00225 -0.004 0.004 0.00225 -0.00375 0.004 
0.002 -0.00375 0.004 0.0025 -0.004 0.004 0.0025 -0.00375 0.004 
0.00275 -0.004 0.004 0.00275 -0.00375 0.004 0.003 -0.004 0.004 
0.003 -0.00375 0.004 0.00225 -0.0035 0.004 0.002 -0.0035 0.004 
0.0025 -0.0035 0.004 0.00275 -0.0035 0.004 0.003 -0.0035 0.004 
0.00225 -0.00325 0.004 0.002 -0.00325 0.004 0.0025 -0.00325 0.004 
0.00275 -0.00325 0.004 0.003 -0.00325 0.004 0.00225 -0.003 0.004 
0.002 -0.003 0.004 0.0025 -0.003 0.004 0.00275 -0.003 0.004 
0.003 -0.003 0.004 0.00225 -0.00275 0.004 0.002 -0.00275 0.004 
0.0025 -0.00275 0.004 0.00275 -0.00275 0.004 0.003 -0.00275 0.004 
0.00225 -0.0025 0.004 0.002 -0.0025 0.004 0.0025 -0.0025 0.004 
0.00275 -0.0025 0.004 0.003 -0.0025 0.004 0.00225 -0.00225 0.004 
0.002 -0.00225 0.004 0.0025 -0.00225 0.004 0.00275 -0.00225 0.004 
0.003 -0.00225 0.004 0.00225 -0.002 0.004 0.002 -0.002 0.004 
0.0025 -0.002 0.004 0.00275 -0.002 0.004 0.003 -0.002 0.004 
0.003 -0.004 0.0037 0.00325 -0.004 0.0037 0.00325 -0.00375 0.0037 
0.003 -0.00375 0.0037 0.0035 -0.004 0.0037 0.0035 -0.00375 0.0037 
0.00375 -0.004 0.0037 0.00375 -0.00375 0.0037 0.004 -0.004 0.0037 
0.004 -0.00375 0.0037 0.00325 -0.0035 0.0037 0.003 -0.0035 0.0037 
0.0035 -0.0035 0.0037 0.00375 -0.0035 0.0037 0.004 -0.0035 0.0037 
0.00325 -0.00325 0.0037 0.003 -0.00325 0.0037 0.0035 -0.00325 0.0037 
0.00375 -0.00325 0.0037 0.004 -0.00325 0.0037 0.00325 -0.003 0.0037 
0.003 -0.003 0.0037 0.0035 -0.003 0.0037 0.00375 -0.003 0.0037 
0.004 -0.003 0.0037 0.00325 -0.00275 0.0037 0.003 -0.00275 0.0037 
0.0035 -0.00275 0.0037 0.00375 -0.00275 0.0037 0.004 -0.00275 0.0037 
0.00325 -0.0025 0.0037 0.003 -0.0025 0.0037 0.0035 -0.0025 0.0037 
0.00375 -0.0025 0.0037 0.004 -0.0025 0.0037 0.00325 -0.00225 0.0037 
0.003 -0.00225 0.0037 0.0035 -0.00225 0.0037 0.00375 -0.00225 0.0037 
0.004 -0.00225 0.0037 0.00325 -0.002 0.0037 0.003 -0.002 0.0037 
0.0035 -0.002 0.0037 0.00375 -0.002 0.0037 0.004 -0.002 0.0037 
0.003 -0.004 0.004 0.00325 -0.004 0.004 0.00325 -0.00375 0.004 
0.003 -0.00375 0.004 0.0035 -0.004 0.004 0.0035 -0.00375 0.004 
0.00375 -0.004 0.004 0.00375 -0.00375 0.004 0.004 -0.004 0.004 
0.004 -0.00375 0.004 0.00325 -0.0035 0.004 0.003 -0.0035 0.004 
0.0035 -0.0035 0.004 0.00375 -0.0035 0.004 0.004 -0.0035 0.004 
0.00325 -0.00325 0.004 0.003 -0.00325 0.004 0.0035 -0.00325 0.004 
0.00375 -0.00325 0.004 0.004 -0.00325 0.004 0.00325 -0.003 0.004 
0.003 -0.003 0.004 0.0035 -0.003 0.004 0.00375 -0.003 0.004 
0.004 -0.003 0.004 0.00325 -0.00275 0.004 0.003 -0.00275 0.004 
0.0035 -0.00275 0.004 0.00375 -0.00275 0.004 0.004 -0.00275 0.004 
0.00325 -0.0025 0.004 0.003 -0.0025 0.004 0.0035 -0.0025 0.004 
0.00375 -0.0025 0.004 0.004 -0.0025 0.004 0.00325 -0.00225 0.004 
0.003 -0.00225 0.004 0.0035 -0.00225 0.004 0.00375 -0.00225 0.004 
0.004 -0.00225 0.004 0.00325 -0.002 0.004 0.003 -0.002 0.004 
0.0035 -0.002 0.004 0.00375 -0.002 0.004 0.004 -0.002 0.004 
-0.004 -0.002 0.0037 -0.00375 -0.002 0.0037 -0.00375 -0.00175 0.0037 
-0.004 -0.00175 0.0037 -0.0035 -0.002 0.0037 -0.0035 -0.00175 0.0037 
-0.00325 -0.002 0.0037 -0.00325 -0.00175 0.0037 -0.003 -0.002 0.0037 
-0.003 -0.00175 0.0037 -0.00375 -0.0015 0.0037 -0.004 -0.0015 0.0037 
-0.0035 -0.0015 0.0037 -0.00325 -0.0015 0.0037 -0.003 -0.0015 0.0037 
-0.00375 -0.00125 0.0037 -0.004 -0.00125 0.0037 -0.0035 -0.00125 0.0037 
-0.00325 -0.00125 0.0037 -0.003 -0.00125 0.0037 -0.00375 -0.001 0.0037 
-0.004 -0.001 0.0037 -0.0035 -0.001 0.0037 -0.00325 -0.001 0.0037 
-0.003 -0.001 0.0037 -0.00375 -0.00075 0.0037 -0.004 -0.00075 0.0037 
-0.0035 -0.00075 0.0037 -0.00325 -0.00075 0.0037 -0.003 -0.00075 0.0037 
-0.00375 -0.0005 0.0037 -0.004 -0.0005 0.0037 -0.0035 -0.0005 0.0037 
-0.00325 -0.0005 0.0037 -0.003 -0.0005 0.0037 -0.00375 -0.00025 0.0037 
-0.004 -0.00025 0.0037 -0.0035 -0.00025 0.0037 -0.00325 -0.00025 0.0037 
-0.003 -0.00025 0.0037 -0.00375 0 0.0037 -0.004 0 0.0037 
-0.0035 0 0.0037 -0.00325 0 0.0037 -0.003 0 0.0037 
-0.004 -0.002 0.004 -0.00375 -0.002 0.004 -0.00375 -0.00175 0.004 
-0.004 -0.00175 0.004 -0.0035 -0.002 0.004 -0.0035 -0.00175 0.004 
-0.00325 -0.002 0.004 -0.00325 -0.00175 0.004 -0.003 -0.002 0.004 
-0.003 -0.00175 0.004 -0.00375 -0.0015 0.004 -0.004 -0.0015 0.004 
-0.0035 -0.0015 0.004 -0.00325 -0.0015 0.004 -0.003 -0.0015 0.004 
-0.00375 -0.00125 0.004 -0.004 -0.00125 0.004 -0.0035 -0.00125 0.004 
-0.00325 -0.00125 0.004 -0.003 -0.00125 0.004 -0.00375 -0.001 0.004 
-0.004 -0.001 0.004 -0.0035 -0.001 0.004 -0.00325 -0.001 0.004 
-0.003 -0.001 0.004 -0.00375 -0.00075 0.004 -0.004 -0.00075 0.004 
-0.0035 -0.00075 0.004 -0.00325 -0.00075 0.004 -0.003 -0.00075 0.004 
-0.00375 -0.0005 0.004 -0.004 -0.0005 0.004 -0.0035 -0.0005 0.004 
-0.00325 -0.0005 0.004 -0.003 -0.0005 0.004 -0.00375 -0.00025 0.004 
-0.004 -0.00025 0.004 -0.0035 -0.00025 0.004 -0.00325 -0.00025 0.004 
-0.003 -0.00025 0.004 -0.00375 0 0.004 -0.004 0 0.004 
-0.0035 0 0.004 -0.00325 0 0.004 -0.003 0 0.004 
-0.003 -0.002 0.0037 -0.00275 -0.002 0.0037 -0.00275 -0.00175 0.0037 
-0.003 -0.00175 0.0037 -0.0025 -0.002 0.0037 -0.0025 -0.00175 0.0037 
-0.00225 -0.002 0.0037 -0.00225 -0.00175 0.0037 -0.002 -0.002 0.0037 
-0.002 -0.00175 0.0037 -0.00275 -0.0015 0.0037 -0.003 -0.0015 0.0037 
-0.0025 -0.0015 0.0037 -0.00225 -0.0015 0.0037 -0.002 -0.0015 0.0037 
-0.00275 -0.00125 0.0037 -0.003 -0.00125 0.0037 -0.0025 -0.00125 0.0037 
-0.00225 -0.00125 0.0037 -0.002 -0.00125 0.0037 -0.00275 -0.001 0.0037 
-0.003 -0.001 0.0037 -0.0025 -0.001 0.0037 -0.00225 -0.001 0.0037 
-0.002 -0.001 0.0037 -0.00275 -0.00075 0.0037 -0.003 -0.00075 0.0037 
-0.0025 -0.00075 0.0037 -0.00225 -0.00075 0.0037 -0.002 -0.00075 0.0037 
-0.00275 -0.0005 0.0037 -0.003 -0.0005 0.0037 -0.0025 -0.0005 0.0037 
-0.00225 -0.0005 0.0037 -0.002 -0.0005 0.0037 -0.00275 -0.00025 0.0037 
-0.003 -0.00025 0.0037 -0.0025 -0.00025 0.0037 -0.00225 -0.00025 0.0037 
-0.002 -0.00025 0.0037 -0.00275 0 0.0037 -0.003 0 0.0037 
-0.0025 0 0.0037 -0.00225 0 0.0037 -0.002 0 0.0037 
-0.003 -0.002 0.004 -0.00275 -0.002 0.004 -0.00275 -0.00175 0.004 
-0.003 -0.00175 0.004 -0.0025 -0.002 0.004 -0.0025 -0.00175 0.004 
-0.00225 -0.002 0.004 -0.00225 -0.00175 0.004 -0.002 -0.002 0.004 
-0.002 -0.00175 0.004 -0.00275 -0.0015 0.004 -0.003 -0.0015 0.004 
-0.0025 -0.0015 0.004 -0.00225 -0.0015 0.004 -0.002 -0.0015 0.004 
-0.00275 -0.00125 0.004 -0.003 -0.00125 0.004 -0.0025 -0.00125 0.004 
-0.00225 -0.00125 0.004 -0.002 -0.00125 0.004 -0.00275 -0.001 0.004 
-0.003 -0.001 0.004 -0.0025 -0.001 0.004 -0.00225 -0.001 0.004 
-0.002 -0.001 0.004 -0.00275 -0.00075 0.004 -0.003 -0.00075 0.004 
-0.0025 -0.00075 0.004 -0.00225 -0.00075 0.004 -0.002 -0.00075 0.004 
-0.00275 -0.0005 0.004 -0.003 -0.0005 0.004 -0.0025 -0.0005 0.004 
-0.00225 -0.0005 0.004 -0.002 -0.0005 0.004 -0.00275 -0.00025 0.004 
-0.003 -0.00025 0.004 -0.0025 -0.00025 0.004 -0.00225 -0.00025 0.004 
-0.002 -0.00025 0.004 -0.00275 0 0.004 -0.003 0 0.004 
-0.0025 0 0.004 -0.00225 0 0.004 -0.002 0 0.004 
-0.002 -0.002 0.0037 -0.00175 -0.002 0.0037 -0.00175 -0.00175 0.0037 
-0.002 -0.00175 0.0037 -0.0015 -0.002 0.0037 -0.0015 -0.00175 0.0037 
-0.00125 -0.002 0.0037 -0.00125 -0.00175 0.0037 -0.001 -0.002 0.0037 
-0.001 -0.00175 0.0037 -0.00175 -0.0015 0.0037 -0.002 -0.0015 0.0037 
-0.0015 -0.0015 0.0037 -0.00125 -0.0015 0.0037 -0.001 -0.0015 0.0037 
-0.00175 -0.00125 0.0037 -0.002 -0.00125 0.0037 -0.0015 -0.00125 0.0037 
-0.00125 -0.00125 0.0037 -0.001 -0.00125 0.0037 -0.00175 -0.001 0.0037 
-0.002 -0.001 0.0037 -0.0015 -0.001 0.0037 -0.00125 -0.001 0.0037 
-0.001 -0.001 0.0037 -0.00175 -0.00075 0.0037 -0.002 -0.00075 0.0037 
-0.0015 -0.00075 0.0037 -0.00125 -0.00075 0.0037 -0.001 -0.00075 0.0037 
-0.00175 -0.0005 0.0037 -0.002 -0.0005 0.0037 -0.0015 -0.0005 0.0037 
-0.00125 -0.0005 0.0037 -0.001 -0.0005 0.0037 -0.00175 -0.00025 0.0037 
-0.002 -0.00025 0.0037 -0.0015 -0.00025 0.0037 -0.00125 -0.00025 0.0037 
-0.001 -0.00025 0.0037 -0.00175 0 0.0037 -0.002 0 0.0037 
-0.0015 0 0.0037 -0.00125 0 0.0037 -0.001 0 0.0037 
-0.002 -0.002 0.004 -0.00175 -0.002 0.004 -0.00175 -0.00175 0.004 
-0.002 -0.00175 0.004 -0.0015 -0.002 0.004 -0.0015 -0.00175 0.004 
-0.00125 -0.002 0.004 -0.00125 -0.00175 0.004 -0.001 -0.002 0.004 
-0.001 -0.00175 0.004 -0.00175 -0.0015 0.004 -0.002 -0.0015 0.004 
-0.0015 -0.0015 0.004 -0.00125 -0.0015 0.004 -0.001 -0.0015 0.004 
-0.00175 -0.00125 0.004 -0.002 -0.00125 0.004 -0.0015 -0.00125 0.004 
-0.00125 -0.00125 0.004 -0.001 -0.00125 0.004 -0.00175 -0.001 0.004 
-0.002 -0.001 0.004 -0.0015 -0.001 0.004 -0.00125 -0.001 0.004 
-0.001 -0.001 0.004 -0.00175 -0.00075 0.004 -0.002 -0.00075 0.004 
-0.0015 -0.00075 0.004 -0.00125 -0.00075 0.004 -0.001 -0.00075 0.004 
-0.00175 -0.0005 0.004 -0.002 -0.0005 0.004 -0.0015 -0.0005 0.004 
-0.00125 -0.0005 0.004 -0.001 -0.0005 0.004 -0.00175 -0.00025 0.004 
-0.002 -0.00025 0.004 -0.0015 -0.00025 0.004 -0.00125 -0.00025 0.004 
-0.001 -0.00025 0.004 -0.00175 0 0.004 -0.002 0 0.004 
-0.0015 0 0.004 -0.00125 0 0.004 -0.001 0 0.004 
-0.001 -0.002 0.0037 -0.00075 -0.002 0.0037 -0.00075 -0.00175 0.0037 
-0.001 -0.00175 0.0037 -0.0005 -0.002 0.0037 -0.0005 -0.00175 0.0037 
-0.00025 -0.002 0.0037 -0.00025 -0.00175 0.0037 0 -0.002 0.0037 
0 -0.00175 0.0037 -0.00075 -0.0015 0.0037 -0.001 -0.0015 0.0037 
-0.0005 -0.0015 0.0037 -0.00025 -0.0015 0.0037 0 -0.0015 0.0037 
-0.00075 -0.00125 0.0037 -0.001 -0.00125 0.0037 -0.0005 -0.00125 0.0037 
-0.00025 -0.00125 0.0037 0 -0.00125 0.0037 -0.00075 -0.001 0.0037 
-0.001 -0.001 0.0037 -0.0005 -0.001 0.0037 -0.00025 -0.001 0.0037 
0 -0.001 0.0037 -0.00075 -0.00075 0.0037 -0.001 -0.00075 0.0037 
-0.0005 -0.00075 0.0037 -0.00025 -0.00075 0.0037 0 -0.00075 0.0037 
-0.00075 -0.0005 0.0037 -0.001 -0.0005 0.0037 -0.0005 -0.0005 0.0037 
-0.00025 -0.0005 0.0037 0 -0.0005 0.0037 -0.00075 -0.00025 0.0037 
-0.001 -0.00025 0.0037 -0.0005 -0.00025 0.0037 -0.00025 -0.00025 0.0037 
0 -0.00025 0.0037 -0.00075 0 0.0037 -0.001 0 0.0037 
-0.0005 0 0.0037 -0.00025 0 0.0037 0 0 0.0037 
-0.001 -0.002 0.004 -0.00075 -0.002 0.004 -0.00075 -0.00175 0.004 
-0.001 -0.00175 0.004 -0.0005 -0.002 0.004 -0.0005 -0.00175 0.004 
-0.00025 -0.002 0.004 -0.00025 -0.00175 0.004 0 -0.002 0.004 
0 -0.00175 0.004 -0.00075 -0.0015 0.004 -0.001 -0.0015 0.004 
-0.0005 -0.0015 0.004 -0.00025 -0.0015 0.004 0 -0.0015 0.004 
-0.00075 -0.00125 0.004 -0.001 -0.00125 0.004 -0.0005 -0.00125 0.004 
-0.00025 -0.00125 0.004 0 -0.00125 0.004 -0.00075 -0.001 0.004 
-0.001 -0.001 0.004 -0.0005 -0.001 0.004 -0.00025 -0.001 0.004 
0 -0.001 0.004 -0.00075 -0.00075 0.004 -0.001 -0.00075 0.004 
-0.0005 -0.00075 0.004 -0.00025 -0.00075 0.004 0 -0.00075 0.004 
-0.00075 -0.0005 0.004 -0.001 -0.0005 0.004 -0.0005 -0.0005 0.004 
-0.00025 -0.0005 0.004 0 -0.0005 0.004 -0.00075 -0.00025 0.004 
-0.001 -0.00025 0.004 -0.0005 -0.00025 0.004 -0.00025 -0.00025 0.004 
0 -0.00025 0.004 -0.00075 0 0.004 -0.001 0 0.004 
-0.0005 0 0.004 -0.00025 0 0.004 0 0 0.004 
0 -0.002 0.0037 0.00025 -0.002 0.0037 0.00025 -0.00175 0.0037 
0 -0.00175 0.0037 0.0005 -0.002 0.0037 0.0005 -0.00175 0.0037 
0.00075 -0.002 0.0037 0.00075 -0.00175 0.0037 0.001 -0.002 0.0037 
0.001 -0.00175 0.0037 0.00025 -0.0015 0.0037 0 -0.0015 0.0037 
0.0005 -0.0015 0.0037 0.00075 -0.0015 0.0037 0.001 -0.0015 0.0037 
0.00025 -0.00125 0.0037 0 -0.00125 0.0037 0.0005 -0.00125 0.0037 
0.00075 -0.00125 0.0037 0.001 -0.00125 0.0037 0.00025 -0.001 0.0037 
0 -0.001 0.0037 0.0005 -0.001 0.0037 0.00075 -0.001 0.0037 
0.001 -0.001 0.0037 0.00025 -0.00075 0.0037 0 -0.00075 0.0037 
0.0005 -0.00075 0.0037 0.00075 -0.00075 0.0037 0.001 -0.00075 0.0037 
0.00025 -0.0005 0.0037 0 -0.0005 0.0037 0.0005 -0.0005 0.0037 
0.00075 -0.0005 0.0037 0.001 -0.0005 0.0037 0.00025 -0.00025 0.0037 
0 -0.00025 0.0037 0.0005 -0.00025 0.0037 0.00075 -0.00025 0.0037 
0.001 -0.00025 0.0037 0.00025 0 0.0037 0 0 0.0037 
0.0005 3.61401e-20 0.0037 0.00075 0 0.0037 0.001 0 0.0037 
0 -0.002 0.004 0.00025 -0.002 0.004 0.00025 -0.00175 0.004 
0 -0.00175 0.004 0.0005 -0.002 0.004 0.0005 -0.00175 0.004 
0.00075 -0.002 0.004 0.00075 -0.00175 0.004 0.001 -0.002 0.004 
0.001 -0.00175 0.004 0.00025 -0.0015 0.004 0 -0.0015 0.004 
0.0005 -0.0015 0.004 0.00075 -0.0015 0.004 0.001 -0.0015 0.004 
0.00025 -0.00125 0.004 0 -0.00125 0.004 0.0005 -0.00125 0.004 
0.00075 -0.00125 0.004 0.001 -0.00125 0.004 0.00025 -0.001 0.004 
0 -0.001 0.004 0.0005 -0.001 0.004 0.00075 -0.001 0.004 
0.001 -0.001 0.004 0.00025 -0.00075 0.004 0 -0.00075 0.004 
0.0005 -0.00075 0.004 0.00075 -0.00075 0.004 0.001 -0.00075 0.004 
0.00025 -0.0005 0.004 0 -0.0005 0.004 0.0005 -0.0005 0.004 
0.00075 -0.0005 0.004 0.001 -0.0005 0.004 0.00025 -0.00025 0.004 
0 -0.00025 0.004 0.0005 -0.00025 0.004 0.00075 -0.00025 0.004 
0.001 -0.00025 0.004 0.00025 0 0.004 0 0 0.004 
0.0005 3.61401e-20 0.004 0.00075 0 0.004 0.001 0 0.004 
0.001 -0.002 0.0037 0.00125 -0.002 0.0037 0.00125 -0.00175 0.0037 
0.001 -0.00175 0.0037 0.0015 -0.002 0.0037 0.0015 -0.00175 0.0037 
0.00175 -0.002 0.0037 0.00175 -0.00175 0.0037 0.002 -0.002 0.0037 
0.002 -0.00175 0.0037 0.00125 -0.0015 0.0037 0.001 -0.0015 0.0037 
0.0015 -0.0015 0.0037 0.00175 -0.0015 0.0037 0.002 -0.0015 0.0037 
0.00125 -0.00125 0.0037 0.001 -0.00125 0.0037 0.0015 -0.00125 0.0037 
0.00175 -0.00125 0.0037 0.002 -0.00125 0.0037 0.00125 -0.001 0.0037 
0.001 -0.001 0.0037 0.0015 -0.001 0.0037 0.00175 -0.001 0.0037 
0.002 -0.001 0.0037 0.00125 -0.00075 0.0037 0.001 -0.00075 0.0037 
0.0015 -0.00075 0.0037 0.00175 -0.00075 0.0037 0.002 -0.00075 0.0037 
0.00125 -0.0005 0.0037 0.001 -0.0005 0.0037 0.0015 -0.0005 0.0037 
0.00175 -0.0005 0.0037 0.002 -0.0005 0.0037 0.00125 -0.00025 0.0037 
0.001 -0.00025 0.0037 0.0015 -0.00025 0.0037 0.00175 -0.00025 0.0037 
0.002 -0.00025 0.0037 0.00125 0 0.0037 0.001 0 0.0037 
0.0015 -3.61401e-20 0.0037 0.00175 0 0.0037 0.002 0 0.0037 
0.001 -0.002 0.004 0.00125 -0.002 0.004 0.00125 -0.00175 0.004 
0.001 -0.00175 0.004 0.0015 -0.002 0.004 0.0015 -0.00175 0.004 
0.00175 -0.002 0.004 0.00175 -0.00175 0.004 0.002 -0.002 0.004 
0.002 -0.00175 0.004 0.00125 -0.0015 0.004 0.001 -0.0015 0.004 
0.0015 -0.0015 0.004 0.00175 -0.0015 0.004 0.002 -0.0015 0.004 
0.00125 -0.00125 0.004 0.001 -0.00125 0.004 0.0015 -0.00125 0.004 
0.00175 -0.00125 0.004 0.002 -0.00125 0.004 0.00125 -0.001 0.004 
0.001 -0.001 0.004 0.0015 -0.001 0.004 0.00175 -0.001 0.004 
0.002 -0.001 0.004 0.00125 -0.00075 0.004 0.001 -0.00075 0.004 
0.0015 -0.00075 0.004 0.00175 -0.00075 0.004 0.002 -0.00075 0.004 
0.00125 -0.0005 0.004 0.001 -0.0005 0.004 0.0015 -0.0005 0.004 
0.00175 -0.0005 0.004 0.002 -0.0005 0.004 0.00125 -0.00025 0.004 
0.001 -0.00025 0.004 0.0015 -0.00025 0.004 0.00175 -0.00025 0.004 
0.002 -0.00025 0.004 0.00125 0 0.004 0.001 0 0.004 
0.0015 -3.61401e-20 0.004 0.00175 0 0.004 0.002 0 0.004 
0.002 -0.002 0.0037 0.00225 -0.002 0.0037 0.00225 -0.00175 0.0037 
0.002 -0.00175 0.0037 0.0025 -0.002 0.0037 0.0025 -0.00175 0.0037 
0.00275 -0.002 0.0037 0.00275 -0.00175 0.0037 0.003 -0.002 0.0037 
0.003 -0.00175 0.0037 0.00225 -0.0015 0.0037 0.002 -0.0015 0.0037 
0.0025 -0.0015 0.0037 0.00275 -0.0015 0.0037 0.003 -0.0015 0.0037 
0.00225 -0.00125 0.0037 0.002 -0.00125 0.0037 0.0025 -0.00125 0.0037 
0.00275 -0.00125 0.0037 0.003 -0.00125 0.0037 0.00225 -0.001 0.0037 
0.002 -0.001 0.0037 0.0025 -0.001 0.0037 0.00275 -0.001 0.0037 
0.003 -0.001 0.0037 0.00225 -0.00075 0.0037 0.002 -0.00075 0.0037 
0.0025 -0.00075 0.0037 0.00275 -0.00075 0.0037 0.003 -0.00075 0.0037 
0.00225 -0.0005 0.0037 0.002 -0.0005 0.0037 0.0025 -0.0005 0.0037 
0.00275 -0.0005 0.0037 0.003 -0.0005 0.0037 0.00225 -0.00025 0.0037 
0.002 -0.00025 0.0037 0.0025 -0.00025 0.0037 0.00275 -0.00025 0.0037 
0.003 -0.00025 0.0037 0.00225 1.807e-20 0.0037 0.002 0 0.0037 
0.0025 3.61401e-20 0.0037 0.00275 -1.807e-20 0.0037 0.003 0 0.0037 
0.002 -0.002 0.004 0.00225 -0.002 0.004 0.00225 -0.00175 0.004 
0.002 -0.00175 0.004 0.0025 -0.002 0.004 0.0025 -0.00175 0.004 
0.00275 -0.002 0.004 0.00275 -0.00175 0.004 0.003 -0.002 0.004 
0.003 -0.00175 0.004 0.00225 -0.0015 0.004 0.002 -0.0015 0.004 
0.0025 -0.0015 0.004 0.00275 -0.0015 0.004 0.003 -0.0015 0.004 
0.00225 -0.00125 0.004 0.002 -0.00125 0.004 0.0025 -0.00125 0.004 
0.00275 -0.00125 0.004 0.003 -0.00125 0.004 0.00225 -0.001 0.004 
0.002 -0.001 0.004 0.0025 -0.001 0.004 0.00275 -0.001 0.004 
0.003 -0.001 0.004 0.00225 -0.00075 0.004 0.002 -0.00075 0.004 
0.0025 -0.00075 0.004 0.00275 -0.00075 0.004 0.003 -0.00075 0.004 
0.00225 -0.0005 0.004 0.002 -0.0005 0.004 0.0025 -0.0005 0.004 
0.00275 -0.0005 0.004 0.003 -0.0005 0.004 0.00225 -0.00025 0.004 
0.002 -0.00025 0.004 0.0025 -0.00025 0.004 0.00275 -0.00025 0.004 
0.003 -0.00025 0.004 0.00225 1.807e-20 0.004 0.002 0 0.004 
0.0025 3.61401e-20 0.004 0.00275 -1.807e-20 0.004 0.003 0 0.004 
0.003 -0.002 0.0037 0.00325 -0.002 0.0037 0.00325 -0.00175 0.0037 
0.003 -0.00175 0.0037 0.0035 -0.002 0.0037 0.0035 -0.00175 0.0037 
0.00375 -0.002 0.0037 0.00375 -0.00175 0.0037 0.004 -0.002 0.0037 
0.004 -0.00175 0.0037 0.00325 -0.0015 0.0037 0.003 -0.0015 0.0037 
0.0035 -0.0015 0.0037 0.00375 -0.0015 0.0037 0.004 -0.0015 0.0037 
0.00325 -0.00125 0.0037 0.003 -0.00125 0.0037 0.0035 -0.00125 0.0037 
0.00375 -0.00125 0.0037 0.004 -0.00125 0.0037 0.00325 -0.001 0.0037 
0.003 -0.001 0.0037 0.0035 -0.001 0.0037 0.00375 -0.001 0.0037 
0.004 -0.001 0.0037 0.00325 -0.00075 0.0037 0.003 -0.00075 0.0037 
0.0035 -0.00075 0.0037 0.00375 -0.00075 0.0037 0.004 -0.00075 0.0037 
0.00325 -0.0005 0.0037 0.003 -0.0005 0.0037 0.0035 -0.0005 0.0037 
0.00375 -0.0005 0.0037 0.004 -0.0005 0.0037 0.00325 -0.00025 0.0037 
0.003 -0.00025 0.0037 0.0035 -0.00025 0.0037 0.00375 -0.00025 0.0037 
0.004 -0.00025 0.0037 0.00325 1.807e-20 0.0037 0.003 0 0.0037 
0.0035 -3.61401e-20 0.0037 0.00375 -1.807e-20 0.0037 0.004 0 0.0037 
0.003 -0.002 0.004 0.00325 -0.002 0.004 0.00325 -0.00175 0.004 
0.003 -0.00175 0.004 0.0035 -0.002 0.004 0.0035 -0.00175 0.004 
0.00375 -0.002 0.004 0.00375 -0.00175 0.004 0.004 -0.002 0.004 
0.004 -0.00175 0.004 0.00325 -0.0015 0.004 0.003 -0.0015 0.004 
0.0035 -0.0015 0.004 0.00375 -0.0015 0.004 0.004 -0.0015 0.004 
0.00325 -0.00125 0.004 0.003 -0.00125 0.004 0.0035 -0.00125 0.004 
0.00375 -0.00125 0.004 0.004 -0.00125 0.004 0.00325 -0.001 0.004 
0.003 -0.001 0.004 0.0035 -0.001 0.004 0.00375 -0.001 0.004 
0.004 -0.001 0.004 0.00325 -0.00075 0.004 0.003 -0.00075 0.004 
0.0035 -0.00075 0.004 0.00375 -0.00075 0.004 0.004 -0.00075 0.004 
0.00325 -0.0005 0.004 0.003 -0.0005 0.004 0.0035 -0.0005 0.004 
0.00375 -0.0005 0.004 0.004 -0.0005 0.004 0.00325 -0.00025 0.004 
0.003 -0.00025 0.004 0.0035 -0.00025 0.004 0.00375 -0.00025 0.004 
0.004 -0.00025 0.004 0.00325 1.807e-20 0.004 0.003 0 0.004 
0.0035 -3.61401e-20 0.004 0.00375 -1.807e-20 0.004 0.004 0 0.004 
-0.004 0 0.0037 -0.00375 0 0.0037 -0.00375 0.00025 0.0037 
-0.004 0.00025 0.0037 -0.0035 0 0.0037 -0.0035 0.00025 0.0037 
-0.00325 0 0.0037 -0.00325 0.00025 0.0037 -0.003 0 0.0037 
-0.003 0.00025 0.0037 -0.00375 0.0005 0.0037 -0.004 0.0005 0.0037 
-0.0035 0.0005 0.0037 -0.00325 0.0005 0.0037 -0.003 0.0005 0.0037 
-0.00375 0.00075 0.0037 -0.004 0.00075 0.0037 -0.0035 0.00075 0.0037 
-0.00325 0.00075 0.0037 -0.003 0.00075 0.0037 -0.00375 0.001 0.0037 
-0.004 0.001 0.0037 -0.0035 0.001 0.0037 -0.00325 0.001 0.0037 
-0.003 0.001 0.0037 -0.00375 0.00125 0.0037 -0.004 0.00125 0.0037 
-0.0035 0.00125 0.0037 -0.00325 0.00125 0.0037 -0.003 0.00125 0.0037 
-0.00375 0.0015 0.0037 -0.004 0.0015 0.0037 -0.0035 0.0015 0.0037 
-0.00325 0.0015 0.0037 -0.003 0.0015 0.0037 -0.00375 0.00175 0.0037 
-0.004 0.00175 0.0037 -0.0035 0.00175 0.0037 -0.00325 0.00175 0.0037 
-0.003 0.00175 0.0037 -0.00375 0.002 0.0037 -0.004 0.002 0.0037 
-0.0035 0.002 0.0037 -0.00325 0.002 0.0037 -0.003 0.002 0.0037 
-0.004 0 0.004 -0.00375 0 0.004 -0.00375 0.00025 0.004 
-0.004 0.00025 0.004 -0.0035 0 0.004 -0.0035 0.00025 0.004 
-0.00325 0 0.004 -0.00325 0.00025 0.004 -0.003 0 0.004 
-0.003 0.00025 0.004 -0.00375 0.0005 0.004 -0.004 0.0005 0.004 
-0.0035 0.0005 0.004 -0.00325 0.0005 0.004 -0.003 0.0005 0.004 
-0.00375 0.00075 0.004 -0.004 0.00075 0.004 -0.0035 0.00075 0.004 
-0.00325 0.00075 0.004 -0.003 0.00075 0.004 -0.00375 0.001 0.004 
-0.004 0.001 0.004 -0.0035 0.001 0.004 -0.00325 0.001 0.004 
-0.003 0.001 0.004 -0.00375 0.00125 0.004 -0.004 0.00125 0.004 
-0.0035 0.00125 0.004 -0.00325 0.00125 0.004 -0.003 0.00125 0.004 
-0.00375 0.0015 0.004 -0.004 0.0015 0.004 -0.0035 0.0015 0.004 
-0.00325 0.0015 0.004 -0.003 0.0015 0.004 -0.00375 0.00175 0.004 
-0.004 0.00175 0.004 -0.0035 0.00175 0.004 -0.00325 0.00175 0.004 
-0.003 0.00175 0.004 -0.00375 0.002 0.004 -0.004 0.002 0.004 
-0.0035 0.002 0.004 -0.00325 0.002 0.004 -0.003 0.002 0.004 
-0.003 0 0.0037 -0.00275 0 0.0037 -0.00275 0.00025 0.0037 
-0.003 0.00025 0.0037 -0.0025 0 0.0037 -0.0025 0.00025 0.0037 
-0.00225 0 0.0037 -0.00225 0.00025 0.0037 -0.002 0 0.0037 
-0.002 0.00025 0.0037 -0.00275 0.0005 0.0037 -0.003 0.0005 0.0037 
-0.0025 0.0005 0.0037 -0.00225 0.0005 0.0037 -0.002 0.0005 0.0037 
-0.00275 0.00075 0.0037 -0.003 0.00075 0.0037 -0.0025 0.00075 0.0037 
-0.00225 0.00075 0.0037 -0.002 0.00075 0.0037 -0.00275 0.001 0.0037 
-0.003 0.001 0.0037 -0.0025 0.001 0.0037 -0.00225 0.001 0.0037 
-0.002 0.001 0.0037 -0.00275 0.00125 0.0037 -0.003 0.00125 0.0037 
-0.0025 0.00125 0.0037 -0.00225 0.00125 0.0037 -0.002 0.00125 0.0037 
-0.00275 0.0015 0.0037 -0.003 0.0015 0.0037 -0.0025 0.0015 0.0037 
-0.00225 0.0015 0.0037 -0.002 0.0015 0.0037 -0.00275 0.00175 0.0037 
-0.003 0.00175 0.0037 -0.0025 0.00175 0.0037 -0.00225 0.00175 0.0037 
-0.002 0.00175 0.0037 -0.00275 0.002 0.0037 -0.003 0.002 0.0037 
-0.0025 0.002 0.0037 -0.00225 0.002 0.0037 -0.002 0.002 0.0037 
-0.003 0 0.004 -0.00275 0 0.004 -0.00275 0.00025 0.004 
-0.003 0.00025 0.004 -0.0025 0 0.004 -0.0025 0.00025 0.004 
-0.00225 0 0.004 -0.00225 0.00025 0.004 -0.002 0 0.004 
-0.002 0.00025 0.004 -0.00275 0.0005 0.004 -0.003 0.0005 0.004 
-0.0025 0.0005 0.004 -0.00225 0.0005 0.004 -0.002 0.0005 0.004 
-0.00275 0.00075 0.004 -0.003 0.00075 0.004 -0.0025 0.00075 0.004 
-0.00225 0.00075 0.004 -0.002 0.00075 0.004 -0.00275 0.001 0.004 
-0.003 0.001 0.004 -0.0025 0.001 0.004 -0.00225 0.001 0.004 
-0.002 0.001 0.004 -0.00275 0.00125 0.004 -0.003 0.00125 0.004 
-0.0025 0.00125 0.004 -0.00225 0.00125 0.004 -0.002 0.00125 0.004 
-0.00275 0.0015 0.004 -0.003 0.0015 0.004 -0.0025 0.0015 0.004 
-0.00225 0.0015 0.004 -0.002 0.0015 0.004 -0.00275 0.00175 0.004 
-0.003 0.00175 0.004 -0.0025 0.00175 0.004 -0.00225 0.00175 0.004 
-0.002 0.00175 0.004 -0.00275 0.002 0.004 -0.003 0.002 0.004 
-0.0025 0.002 0.004 -0.00225 0.002 0.004 -0.002 0.002 0.004 
-0.002 0 0.0037 -0.00175 0 0.0037 -0.00175 0.00025 0.0037 
-0.002 0.00025 0.0037 -0.0015 0 0.0037 -0.0015 0.00025 0.0037 
-0.00125 0 0.0037 -0.00125 0.00025 0.0037 -0.001 0 0.0037 
-0.001 0.00025 0.0037 -0.00175 0.0005 0.0037 -0.002 0.0005 0.0037 
-0.0015 0.0005 0.0037 -0.00125 0.0005 0.0037 -0.001 0.0005 0.0037 
-0.00175 0.00075 0.0037 -0.002 0.00075 0.0037 -0.0015 0.00075 0.0037 
-0.00125 0.00075 0.0037 -0.001 0.00075 0.0037 -0.00175 0.001 0.0037 
-0.002 0.001 0.0037 -0.0015 0.001 0.0037 -0.00125 0.001 0.0037 
-0.001 0.001 0.0037 -0.00175 0.00125 0.0037 -0.002 0.00125 0.0037 
-0.0015 0.00125 0.0037 -0.00125 0.00125 0.0037 -0.001 0.00125 0.0037 
-0.00175 0.0015 0.0037 -0.002 0.0015 0.0037 -0.0015 0.0015 0.0037 
-0.00125 0.0015 0.0037 -0.001 0.0015 0.0037 -0.00175 0.00175 0.0037 
-0.002 0.00175 0.0037 -0.0015 0.00175 0.0037 -0.00125 0.00175 0.0037 
-0.001 0.00175 0.0037 -0.00175 0.002 0.0037 -0.002 0.002 0.0037 
-0.0015 0.002 0.0037 -0.00125 0.002 0.0037 -0.001 0.002 0.0037 
-0.002 0 0.004 -0.00175 0 0.004 -0.00175 0.00025 0.004 
-0.002 0.00025 0.004 -0.0015 0 0.004 -0.0015 0.00025 0.004 
-0.00125 0 0.004 -0.00125 0.00025 0.004 -0.001 0 0.004 
-0.001 0.00025 0.004 -0.00175 0.0005 0.004 -0.002 0.0005 0.004 
-0.0015 0.0005 0.004 -0.00125 0.0005 0.004 -0.001 0.0005 0.004 
-0.00175 0.00075 0.004 -0.002 0.00075 0.004 -0.0015 0.00075 0.004 
-0.00125 0.00075 0.004 -0.001 0.00075 0.004 -0.00175 0.001 0.004 
-0.002 0.001 0.004 -0.0015 0.001 0.004 -0.00125 0.001 0.004 
-0.001 0.001 0.004 -0.00175 0.00125 0.004 -0.002 0.00125 0.004 
-0.0015 0.00125 0.004 -0.00125 0.00125 0.004 -0.001 0.00125 0.004 
-0.00175 0.0015 0.004 -0.002 0.0015 0.004 -0.0015 0.0015 0.004 
-0.00125 0.0015 0.004 -0.001 0.0015 0.004 -0.00175 0.00175 0.004 
-0.002 0.00175 0.004 -0.0015 0.00175 0.004 -0.00125 0.00175 0.004 
-0.001 0.00175 0.004 -0.00175 0.002 0.004 -0.002 0.002 0.004 
-0.0015 0.002 0.004 -0.00125 0.002 0.004 -0.001 0.002 0.004 
-0.001 0 0.0037 -0.00075 0 0.0037 -0.00075 0.00025 0.0037 
-0.001 0.00025 0.0037 -0.0005 0 0.0037 -0.0005 0.00025 0.0037 
-0.00025 0 0.0037 -0.00025 0.00025 0.0037 0 0 0.0037 
0 0.00025 0.0037 -0.00075 0.0005 0.0037 -0.001 0.0005 0.0037 
-0.0005 0.0005 0.0037 -0.00025 0.0005 0.0037 0 0.0005 0.0037 
-0.00075 0.00075 0.0037 -0.001 0.00075 0.0037 -0.0005 0.00075 0.0037 
-0.00025 0.00075 0.0037 0 0.00075 0.0037 -0.00075 0.001 0.0037 
-0.001 0.001 0.0037 -0.0005 0.001 0.0037 -0.00025 0.001 0.0037 
0 0.001 0.0037 -0.00075 0.00125 0.0037 -0.001 0.00125 0.0037 
-0.0005 0.00125 0.0037 -0.00025 0.00125 0.0037 0 0.00125 0.0037 
-0.00075 0.0015 0.0037 -0.001 0.0015 0.0037 -0.0005 0.0015 0.0037 
-0.00025 0.0015 0.0037 0 0.0015 0.0037 -0.00075 0.00175 0.0037 
-0.001 0.00175 0.0037 -0.0005 0.00175 0.0037 -0.00025 0.00175 0.0037 
0 0.00175 0.0037 -0.00075 0.002 0.0037 -0.001 0.002 0.0037 
-0.0005 0.002 0.0037 -0.00025 0.002 0.0037 0 0.002 0.0037 
-0.001 0 0.004 -0.00075 0 0.004 -0.00075 0.00025 0.004 
-0.001 0.00025 0.004 -0.0005 0 0.004 -0.0005 0.00025 0.004 
-0.00025 0 0.004 -0.00025 0.00025 0.004 0 0 0.004 
0 0.00025 0.004 -0.00075 0.0005 0.004 -0.001 0.0005 0.004 
-0.0005 0.0005 0.004 -0.00025 0.0005 0.004 0 0.0005 0.004 
-0.00075 0.00075 0.004 -0.001 0.00075 0.004 -0.0005 0.00075 0.004 
-0.00025 0.00075 0.004 0 0.00075 0.004 -0.00075 0.001 0.004 
-0.001 0.001 0.004 -0.0005 0.001 0.004 -0.00025 0.001 0.004 
0 0.001 0.004 -0.00075 0.00125 0.004 -0.001 0.00125 0.004 
-0.0005 0.00125 0.004 -0.00025 0.00125 0.004 0 0.00125 0.004 
-0.00075 0.0015 0.004 -0.001 0.0015 0.004 -0.0005 0.0015 0.004 
-0.00025 0.0015 0.004 0 0.0015 0.004 -0.00075 0.00175 0.004 
-0.001 0.00175 0.004 -0.0005 0.00175 0.004 -0.00025 0.00175 0.004 
0 0.00175 0.004 -0.00075 0.002 0.004 -0.001 0.002 0.004 
-0.0005 0.002 0.004 -0.00025 0.002 0.004 0 0.002 0.004 
0 0 0.0037 0.00025 0 0.0037 0.00025 0.00025 0.0037 
0 0.00025 0.0037 0.0005 3.61401e-20 0.0037 0.0005 0.00025 0.0037 
0.00075 0 0.0037 0.00075 0.00025 0.0037 0.001 0 0.0037 
0.001 0.00025 0.0037 0.00025 0.0005 0.0037 0 0.0005 0.0037 
0.0005 0.0005 0.0037 0.00075 0.0005 0.0037 0.001 0.0005 0.0037 
0.00025 0.00075 0.0037 0 0.00075 0.0037 0.0005 0.00075 0.0037 
0.00075 0.00075 0.0037 0.001 0.00075 0.0037 0.00025 0.001 0.0037 
0 0.001 0.0037 0.0005 0.001 0.0037 0.00075 0.001 0.0037 
0.001 0.001 0.0037 0.00025 0.00125 0.0037 0 0.00125 0.0037 
0.0005 0.00125 0.0037 0.00075 0.00125 0.0037 0.001 0.00125 0.0037 
0.00025 0.0015 0.0037 0 0.0015 0.0037 0.0005 0.0015 0.0037 
0.00075 0.0015 0.0037 0.001 0.0015 0.0037 0.00025 0.00175 0.0037 
0 0.00175 0.0037 0.0005 0.00175 0.0037 0.00075 0.00175 0.0037 
0.001 0.00175 0.0037 0.00025 0.002 0.0037 0 0.002 0.0037 
0.0005 0.002 0.0037 0.00075 0.002 0.0037 0.001 0.002 0.0037 
0 0 0.004 0.00025 0 0.004 0.00025 0.00025 0.004 
0 0.00025 0.004 0.0005 3.61401e-20 0.004 0.0005 0.00025 0.004 
0.00075 0 0.004 0.00075 0.00025 0.004 0.001 0 0.004 
0.001 0.00025 0.004 0.00025 0.0005 0.004 0 0.0005 0.004 
0.0005 0.0005 0.004 0.00075 0.0005 0.004 0.001 0.0005 0.004 
0.00025 0.00075 0.004 0 0.00075 0.004 0.0005 0.00075 0.004 
0.00075 0.00075 0.004 0.001 0.00075 0.004 0.00025 0.001 0.004 
0 0.001 0.004 0.0005 0.001 0.004 0.00075 0.001 0.004 
0.001 0.001 0.004 0.00025 0.00125 0.004 0 0.00125 0.004 
0.0005 0.00125 0.004 0.00075 0.00125 0.004 0.001 0.00125 0.004 
0.00025 0.0015 0.004 0 0.0015 0.004 0.0005 0.0015 0.004 
0.00075 0.0015 0.004 0.001 0.0015 0.004 0.00025 0.00175 0.004 
0 0.00175 0.004 0.0005 0.00175 0.004 0.00075 0.00175 0.004 
0.001 0.00175 0.004 0.00025 0.002 0.004 0 0.002 0.004 
0.0005 0.002 0.004 0.00075 0.002 0.004 0.001 0.002 0.004 
0.001 0 0.0037 0.00125 0 0.0037 0.00125 0.00025 0.0037 
0.001 0.00025 0.0037 0.0015 -3.61401e-20 0.0037 0.0015 0.00025 0.0037 
0.00175 0 0.0037 0.00175 0.00025 0.0037 0.002 0 0.0037 
0.002 0.00025 0.0037 0.00125 0.0005 0.0037 0.001 0.0005 0.0037 
0.0015 0.0005 0.0037 0.00175 0.0005 0.0037 0.002 0.0005 0.0037 
0.00125 0.00075 0.0037 0.001 0.00075 0.0037 0.0015 0.00075 0.0037 
0.00175 0.00075 0.0037 0.002 0.00075 0.0037 0.00125 0.001 0.0037 
0.001 0.001 0.0037 0.0015 0.001 0.0037 0.00175 0.001 0.0037 
0.002 0.001 0.0037 0.00125 0.00125 0.0037 0.001 0.00125 0.0037 
0.0015 0.00125 0.0037 0.00175 0.00125 0.0037 0.002 0.00125 0.0037 
0.00125 0.0015 0.0037 0.001 0.0015 0.0037 0.0015 0.0015 0.0037 
0.00175 0.0015 0.0037 0.002 0.0015 0.0037 0.00125 0.00175 0.0037 
0.001 0.00175 0.0037 0.0015 0.00175 0.0037 0.00175 0.00175 0.0037 
0.002 0.00175 0.0037 0.00125 0.002 0.0037 0.001 0.002 0.0037 
0.0015 0.002 0.0037 0.00175 0.002 0.0037 0.002 0.002 0.0037 
0.001 0 0.004 0.00125 0 0.004 0.00125 0.00025 0.004 
0.001 0.00025 0.004 0.0015 -3.61401e-20 0.004 0.0015 0.00025 0.004 
0.00175 0 0.004 0.00175 0.00025 0.004 0.002 0 0.004 
0.002 0.00025 0.004 0.00125 0.0005 0.004 0.001 0.0005 0.004 
0.0015 0.0005 0.004 0.00175 0.0005 0.004 0.002 0.0005 0.004 
0.00125 0.00075 0.004 0.001 0.00075 0.004 0.0015 0.00075 0.004 
0.00175 0.00075 0.004 0.002 0.00075 0.004 0.00125 0.001 0.004 
0.001 0.001 0.004 0.0015 0.001 0.004 0.00175 0.001 0.004 
0.002 0.001 0.004 0.00125 0.00125 0.004 0.001 0.00125 0.004 
0.0015 0.00125 0.004 0.00175 0.00125 0.004 0.002 0.00125 0.004 
0.00125 0.0015 0.004 0.001 0.0015 0.004 0.0015 0.0015 0.004 
0.00175 0.0015 0.004 0.002 0.0015 0.004 0.00125 0.00175 0.004 
0.001 0.00175 0.004 0.0015 0.00175 0.004 0.00175 0.00175 0.004 
0.002 0.00175 0.004 0.00125 0.002 0.004 0.001 0.002 0.004 
0.0015 0.002 0.004 0.00175 0.002 0.004 0.002 0.002 0.004 
0.002 0 0.0037 0.00225 1.807e-20 0.0037 0.00225 0.00025 0.0037 
0.002 0.00025 0.0037 0.0025 3.61401e-20 0.0037 0.0025 0.00025 0.0037 
0.00275 -1.807e-20 0.0037 0.00275 0.00025 0.0037 0.003 0 0.0037 
0.003 0.00025 0.0037 0.00225 0.0005 0.0037 0.002 0.0005 0.0037 
0.0025 0.0005 0.0037 0.00275 0.0005 0.0037 0.003 0.0005 0.0037 
0.00225 0.00075 0.0037 0.002 0.00075 0.0037 0.0025 0.00075 0.0037 
0.00275 0.00075 0.0037 0.003 0.00075 0.0037 0.00225 0.001 0.0037 
0.002 0.001 0.0037 0.0025 0.001 0.0037 0.00275 0.001 0.0037 
0.003 0.001 0.0037 0.00225 0.00125 0.0037 0.002 0.00125 0.0037 
0.0025 0.00125 0.0037 0.00275 0.00125 0.0037 0.003 0.00125 0.0037 
0.00225 0.0015 0.0037 0.002 0.0015 0.0037 0.0025 0.0015 0.0037 
0.00275 0.0015 0.0037 0.003 0.0015 0.0037 0.00225 0.00175 0.0037 
0.002 0.00175 0.0037 0.0025 0.00175 0.0037 0.00275 0.00175 0.0037 
0.003 0.00175 0.0037 0.00225 0.002 0.0037 0.002 0.002 0.0037 
0.0025 0.002 0.0037 0.00275 0.002 0.0037 0.003 0.002 0.0037 
0.002 0 0.004 0.00225 1.807e-20 0.004 0.00225 0.00025 0.004 
0.002 0.00025 0.004 0.0025 3.61401e-20 0.004 0.0025 0.00025 0.004 
0.00275 -1.807e-20 0.004 0.00275 0.00025 0.004 0.003 0 0.004 
0.003 0.00025 0.004 0.00225 0.0005 0.004 0.002 0.0005 0.004 
0.0025 0.0005 0.004 0.00275 0.0005 0.004 0.003 0.0005 0.004 
0.00225 0.00075 0.004 0.002 0.00075 0.004 0.0025 0.00075 0.004 
0.00275 0.00075 0.004 0.003 0.00075 0.004 0.00225 0.001 0.004 
0.002 0.001 0.004 0.0025 0.001 0.004 0.00275 0.001 0.004 
0.003 0.001 0.004 0.00225 0.00125 0.004 0.002 0.00125 0.004 
0.0025 0.00125 0.004 0.00275 0.00125 0.004 0.003 0.00125 0.004 
0.00225 0.0015 0.004 0.002 0.0015 0.004 0.0025 0.0015 0.004 
0.00275 0.0015 0.004 0.003 0.0015 0.004 0.00225 0.00175 0.004 
0.002 0.00175 0.004 0.0025 0.00175 0.004 0.00275 0.00175 0.004 
0.003 0.00175 0.004 0.00225 0.002 0.004 0.002 0.002 0.004 
0.0025 0.002 0.004 0.00275 0.002 0.004 0.003 0.002 0.004 
0.003 0 0.0037 0.00325 1.807e-20 0.0037 0.00325 0.00025 0.0037 
0.003 0.00025 0.0037 0.0035 -3.61401e-20 0.0037 0.0035 0.00025 0.0037 
0.00375 -1.807e-20 0.0037 0.00375 0.00025 0.0037 0.004 0 0.0037 
0.004 0.00025 0.0037 0.00325 0.0005 0.0037 0.003 0.0005 0.0037 
0.0035 0.0005 0.0037 0.00375 0.0005 0.0037 0.004 0.0005 0.0037 
0.00325 0.00075 0.0037 0.003 0.00075 0.0037 0.0035 0.00075 0.0037 
0.00375 0.00075 0.0037 0.004 0.00075 0.0037 0.00325 0.001 0.0037 
0.003 0.001 0.0037 0.0035 0.001 0.0037 0.00375 0.001 0.0037 
0.004 0.001 0.0037 0.00325 0.00125 0.0037 0.003 0.00125 0.0037 
0.0035 0.00125 0.0037 0.00375 0.00125 0.0037 0.004 0.00125 0.0037 
0.00325 0.0015 0.0037 0.003 0.0015 0.0037 0.0035 0.0015 0.0037 
0.00375 0.0015 0.0037 0.004 0.0015 0.0037 0.00325 0.00175 0.0037 
0.003 0.00175 0.0037 0.0035 0.00175 0.0037 0.00375 0.00175 0.0037 
0.004 0.00175 0.0037 0.00325 0.002 0.0037 0.003 0.002 0.0037 
0.0035 0.002 0.0037 0.00375 0.002 0.0037 0.004 0.002 0.0037 
0.003 0 0.004 0.00325 1.807e-20 0.004 0.00325 0.00025 0.004 
0.003 0.00025 0.004 0.0035 -3.61401e-20 0.004 0.0035 0.00025 0.004 
0.00375 -1.807e-20 0.004 0.00375 0.00025 0.004 0.004 0 0.004 
0.004 0.00025 0.004 0.00325 0.0005 0.004 0.003 0.0005 0.004 
0.0035 0.0005 0.004 0.00375 0.0005 0.004 0.004 0.0005 0.004 
0.00325 0.00075 0.004 0.003 0.00075 0.004 0.0035 0.00075 0.004 
0.00375 0.00075 0.004 0.004 0.00075 0.004 0.00325 0.001 0.004 
0.003 0.001 0.004 0.0035 0.001 0.004 0.00375 0.001 0.004 
0.004 0.001 0.004 0.00325 0.00125 0.004 0.003 0.00125 0.004 
0.0035 0.00125 0.004 0.00375 0.00125 0.004 0.004 0.00125 0.004 
0.00325 0.0015 0.004 0.003 0.0015 0.004 0.0035 0.0015 0.004 
0.00375 0.0015 0.004 0.004 0.0015 0.004 0.00325 0.00175 0.004 
0.003 0.00175 0.004 0.0035 0.00175 0.004 0.00375 0.00175 0.004 
0.004 0.00175 0.004 0.00325 0.002 0.004 0.003 0.002 0.004 
0.0035 0.002 0.004 0.00375 0.002 0.004 0.004 0.002 0.004 
-0.004 0.002 0.0037 -0.00375 0.002 0.0037 -0.00375 0.00225 0.0037 
-0.004 0.00225 0.0037 -0.0035 0.002 0.0037 -0.0035 0.00225 0.0037 
-0.00325 0.002 0.0037 -0.00325 0.00225 0.0037 -0.003 0.002 0.0037 
-0.003 0.00225 0.0037 -0.00375 0.0025 0.0037 -0.004 0.0025 0.0037 
-0.0035 0.0025 0.0037 -0.00325 0.0025 0.0037 -0.003 0.0025 0.0037 
-0.00375 0.00275 0.0037 -0.004 0.00275 0.0037 -0.0035 0.00275 0.0037 
-0.00325 0.00275 0.0037 -0.003 0.00275 0.0037 -0.00375 0.003 0.0037 
-0.004 0.003 0.0037 -0.0035 0.003 0.0037 -0.00325 0.003 0.0037 
-0.003 0.003 0.0037 -0.00375 0.00325 0.0037 -0.004 0.00325 0.0037 
-0.0035 0.00325 0.0037 -0.00325 0.00325 0.0037 -0.003 0.00325 0.0037 
-0.00375 0.0035 0.0037 -0.004 0.0035 0.0037 -0.0035 0.0035 0.0037 
-0.00325 0.0035 0.0037 -0.003 0.0035 0.0037 -0.00375 0.00375 0.0037 
-0.004 0.00375 0.0037 -0.0035 0.00375 0.0037 -0.00325 0.00375 0.0037 
-0.003 0.00375 0.0037 -0.00375 0.004 0.0037 -0.004 0.004 0.0037 
-0.0035 0.004 0.0037 -0.00325 0.004 0.0037 -0.003 0.004 0.0037 
-0.004 0.002 0.004 -0.00375 0.002 0.004 -0.00375 0.00225 0.004 
-0.004 0.00225 0.004 -0.0035 0.002 0.004 -0.0035 0.00225 0.004 
-0.00325 0.002 0.004 -0.00325 0.00225 0.004 -0.003 0.002 0.004 
-0.003 0.00225 0.004 -0.00375 0.0025 0.004 -0.004 0.0025 0.004 
-0.0035 0.0025 0.004 -0.00325 0.0025 0.004 -0.003 0.0025 0.004 
-0.00375 0.00275 0.004 -0.004 0.00275 0.004 -0.0035 0.00275 0.004 
-0.00325 0.00275 0.004 -0.003 0.00275 0.004 -0.00375 0.003 0.004 
-0.004 0.003 0.004 -0.0035 0.003 0.004 -0.00325 0.003 0.004 
-0.003 0.003 0.004 -0.00375 0.00325 0.004 -0.004 0.00325 0.004 
-0.0035 0.00325 0.004 -0.00325 0.00325 0.004 -0.003 0.00325 0.004 
-0.00375 0.0035 0.004 -0.004 0.0035 0.004 -0.0035 0.0035 0.004 
-0.00325 0.0035 0.004 -0.003 0.0035 0.004 -0.00375 0.00375 0.004 
-0.004 0.00375 0.004 -0.0035 0.00375 0.004 -0.00325 0.00375 0.004 
-0.003 0.00375 0.004 -0.00375 0.004 0.004 -0.004 0.004 0.004 
-0.0035 0.004 0.004 -0.00325 0.004 0.004 -0.003 0.004 0.004 
-0.003 0.002 0.0037 -0.00275 0.002 0.0037 -0.00275 0.00225 0.0037 
-0.003 0.00225 0.0037 -0.0025 0.002 0.0037 -0.0025 0.00225 0.0037 
-0.00225 0.002 0.0037 -0.00225 0.00225 0.0037 -0.002 0.002 0.0037 
-0.002 0.00225 0.0037 -0.00275 0.0025 0.0037 -0.003 0.0025 0.0037 
-0.0025 0.0025 0.0037 -0.00225 0.0025 0.0037 -0.002 0.0025 0.0037 
-0.00275 0.00275 0.0037 -0.003 0.00275 0.0037 -0.0025 0.00275 0.0037 
-0.00225 0.00275 0.0037 -0.002 0.00275 0.0037 -0.00275 0.003 0.0037 
-0.003 0.003 0.0037 -0.0025 0.003 0.0037 -0.00225 0.003 0.0037 
-0.002 0.003 0.0037 -0.00275 0.00325 0.0037 -0.003 0.00325 0.0037 
-0.0025 0.00325 0.0037 -0.00225 0.00325 0.0037 -0.002 0.00325 0.0037 
-0.00275 0.0035 0.0037 -0.003 0.0035 0.0037 -0.0025 0.0035 0.0037 
-0.00225 0.0035 0.0037 -0.002 0.0035 0.0037 -0.00275 0.00375 0.0037 
-0.003 0.00375 0.0037 -0.0025 0.00375 0.0037 -0.00225 0.00375 0.0037 
-0.002 0.00375 0.0037 -0.00275 0.004 0.0037 -0.003 0.004 0.0037 
-0.0025 0.004 0.0037 -0.00225 0.004 0.0037 -0.002 0.004 0.0037 
-0.003 0.002 0.004 -0.00275 0.002 0.004 -0.00275 0.00225 0.004 
-0.003 0.00225 0.004 -0.0025 0.002 0.004 -0.0025 0.00225 0.004 
-0.00225 0.002 0.004 -0.00225 0.00225 0.004 -0.002 0.002 0.004 
-0.002 0.00225 0.004 -0.00275 0.0025 0.004 -0.003 0.0025 0.004 
-0.0025 0.0025 0.004 -0.00225 0.0025 0.004 -0.002 0.0025 0.004 
-0.00275 0.00275 0.004 -0.003 0.00275 0.004 -0.0025 0.00275 0.004 
-0.00225 0.00275 0.004 -0.002 0.00275 0.004 -0.00275 0.003 0.004 
-0.003 0.003 0.004 -0.0025 0.003 0.004 -0.00225 0.003 0.004 
-0.002 0.003 0.004 -0.00275 0.00325 0.004 -0.003 0.00325 0.004 
-0.0025 0.00325 0.004 -0.00225 0.00325 0.004 -0.002 0.00325 0.004 
-0.00275 0.0035 0.004 -0.003 0.0035 0.004 -0.0025 0.0035 0.004 
-0.00225 0.0035 0.004 -0.002 0.0035 0.004 -0.00275 0.00375 0.004 
-0.003 0.00375 0.004 -0.0025 0.00375 0.004 -0.00225 0.00375 0.004 
-0.002 0.00375 0.004 -0.00275 0.004 0.004 -0.003 0.004 0.004 
-0.0025 0.004 0.004 -0.00225 0.004 0.004 -0.002 0.004 0.004 
-0.002 0.002 0.0037 -0.00175 0.002 0.0037 -0.00175 0.00225 0.0037 
-0.002 0.00225 0.0037 -0.0015 0.002 0.0037 -0.0015 0.00225 0.0037 
-0.00125 0.002 0.0037 -0.00125 0.00225 0.0037 -0.001 0.002 0.0037 
-0.001 0.00225 0.0037 -0.00175 0.0025 0.0037 -0.002 0.0025 0.0037 
-0.0015 0.0025 0.0037 -0.00125 0.0025 0.0037 -0.001 0.0025 0.0037 
-0.00175 0.00275 0.0037 -0.002 0.00275 0.0037 -0.0015 0.00275 0.0037 
-0.00125 0.00275 0.0037 -0.001 0.00275 0.0037 -0.00175 0.003 0.0037 
-0.002 0.003 0.0037 -0.0015 0.003 0.0037 -0.00125 0.003 0.0037 
-0.001 0.003 0.0037 -0.00175 0.00325 0.0037 -0.002 0.00325 0.0037 
-0.0015 0.00325 0.0037 -0.00125 0.00325 0.0037 -0.001 0.00325 0.0037 
-0.00175 0.0035 0.0037 -0.002 0.0035 0.0037 -0.0015 0.0035 0.0037 
-0.00125 0.0035 0.0037 -0.001 0.0035 0.0037 -0.00175 0.00375 0.0037 
-0.002 0.00375 0.0037 -0.0015 0.00375 0.0037 -0.00125 0.00375 0.0037 
-0.001 0.00375 0.0037 -0.00175 0.004 0.0037 -0.002 0.004 0.0037 
-0.0015 0.004 0.0037 -0.00125 0.004 0.0037 -0.001 0.004 0.0037 
-0.002 0.002 0.004 -0.00175 0.002 0.004 -0.00175 0.00225 0.004 
-0.002 0.00225 0.004 -0.0015 0.002 0.004 -0.0015 0.00225 0.004 
-0.00125 0.002 0.004 -0.00125 0.00225 0.004 -0.001 0.002 0.004 
-0.001 0.00225 0.004 -0.00175 0.0025 0.004 -0.002 0.0025 0.004 
-0.0015 0.0025 0.004 -0.00125 0.0025 0.004 -0.001 0.0025 0.004 
-0.00175 0.00275 0.004 -0.002 0.00275 0.004 -0.0015 0.00275 0.004 
-0.00125 0.00275 0.004 -0.001 0.00275 0.004 -0.00175 0.003 0.004 
-0.002 0.003 0.004 -0.0015 0.003 0.004 -0.00125 0.003 0.004 
-0.001 0.003 0.004 -0.00175 0.00325 0.004 -0.002 0.00325 0.004 
-0.0015 0.00325 0.004 -0.00125 0.00325 0.004 -0.001 0.00325 0.004 
-0.00175 0.0035 0.004 -0.002 0.0035 0.004 -0.0015 0.0035 0.004 
-0.00125 0.0035 0.004 -0.001 0.0035 0.004 -0.00175 0.00375 0.004 
-0.002 0.00375 0.004 -0.0015 0.00375 0.004 -0.00125 0.00375 0.004 
-0.001 0.00375 0.004 -0.00175 0.004 0.004 -0.002 0.004 0.004 
-0.0015 0.004 0.004 -0.00125 0.004 0.004 -0.001 0.004 0.004 
-0.001 0.002 0.0037 -0.00075 0.002 0.0037 -0.00075 0.00225 0.0037 
-0.001 0.00225 0.0037 -0.0005 0.002 0.0037 -0.0005 0.00225 0.0037 
-0.00025 0.002 0.0037 -0.00025 0.00225 0.0037 0 0.002 0.0037 
0 0.00225 0.0037 -0.00075 0.0025 0.0037 -0.001 0.0025 0.0037 
-0.0005 0.0025 0.0037 -0.00025 0.0025 0.0037 0 0.0025 0.0037 
-0.00075 0.00275 0.0037 -0.001 0.00275 0.0037 -0.0005 0.00275 0.0037 
-0.00025 0.00275 0.0037 0 0.00275 0.0037 -0.00075 0.003 0.0037 
-0.001 0.003 0.0037 -0.0005 0.003 0.0037 -0.00025 0.003 0.0037 
0 0.003 0.0037 -0.00075 0.00325 0.0037 -0.001 0.00325 0.0037 
-0.0005 0.00325 0.0037 -0.00025 0.00325 0.0037 0 0.00325 0.0037 
-0.00075 0.0035 0.0037 -0.001 0.0035 0.0037 -0.0005 0.0035 0.0037 
-0.00025 0.0035 0.0037 0 0.0035 0.0037 -0.00075 0.00375 0.0037 
-0.001 0.00375 0.0037 -0.0005 0.00375 0.0037 -0.00025 0.00375 0.0037 
0 0.00375 0.0037 -0.00075 0.004 0.0037 -0.001 0.004 0.0037 
-0.0005 0.004 0.0037 -0.00025 0.004 0.0037 0 0.004 0.0037 
-0.001 0.002 0.004 -0.00075 0.002 0.004 -0.00075 0.00225 0.004 
-0.001 0.00225 0.004 -0.0005 0.002 0.004 -0.0005 0.00225 0.004 
-0.00025 0.002 0.004 -0.00025 0.00225 0.004 0 0.002 0.004 
0 0.00225 0.004 -0.00075 0.0025 0.004 -0.001 0.0025 0.004 
-0.0005 0.0025 0.004 -0.00025 0.0025 0.004 0 0.0025 0.004 
-0.00075 0.00275 0.004 -0.001 0.00275 0.004 -0.0005 0.00275 0.004 
-0.00025 0.00275 0.004 0 0.00275 0.004 -0.00075 0.003 0.004 
-0.001 0.003 0.004 -0.0005 0.003 0.004 -0.00025 0.003 0.004 
0 0.003 0.004 -0.00075 0.00325 0.004 -0.001 0.00325 0.004 
-0.0005 0.00325 0.004 -0.00025 0.00325 0.004 0 0.00325 0.004 
-0.00075 0.0035 0.004 -0.001 0.0035 0.004 -0.0005 0.0035 0.004 
-0.00025 0.0035 0.004 0 0.0035 0.004 -0.00075 0.00375 0.004 
-0.001 0.00375 0.004 -0.0005 0.00375 0.004 -0.00025 0.00375 0.004 
0 0.00375 0.004 -0.00075 0.004 0.004 -0.001 0.004 0.004 
-0.0005 0.004 0.004 -0.00025 0.004 0.004 0 0.004 0.004 
0 0.002 0.0037 0.00025 0.002 0.0037 0.00025 0.00225 0.0037 
0 0.00225 0.0037 0.0005 0.002 0.0037 0.0005 0.00225 0.0037 
0.00075 0.002 0.0037 0.00075 0.00225 0.0037 0.001 0.002 0.0037 
0.001 0.00225 0.0037 0.00025 0.0025 0.0037 0 0.0025 0.0037 
0.0005 0.0025 0.0037 0.00075 0.0025 0.0037 0.001 0.0025 0.0037 
0.00025 0.00275 0.0037 0 0.00275 0.0037 0.0005 0.00275 0.0037 
0.00075 0.00275 0.0037 0.001 0.00275 0.0037 0.00025 0.003 0.0037 
0 0.003 0.0037 0.0005 0.003 0.0037 0.00075 0.003 0.0037 
0.001 0.003 0.0037 0.00025 0.00325 0.0037 0 0.00325 0.0037 
0.0005 0.00325 0.0037 0.00075 0.00325 0.0037 0.001 0.00325 0.0037 
0.00025 0.0035 0.0037 0 0.0035 0.0037 0.0005 0.0035 0.0037 
0.00075 0.0035 0.0037 0.001 0.0035 0.0037 0.00025 0.00375 0.0037 
0 0.00375 0.0037 0.0005 0.00375 0.0037 0.00075 0.00375 0.0037 
0.001 0.00375 0.0037 0.00025 0.004 0.0037 0 0.004 0.0037 
0.0005 0.004 0.0037 0.00075 0.004 0.0037 0.001 0.004 0.0037 
0 0.002 0.004 0.00025 0.002 0.004 0.00025 0.00225 0.004 
0 0.00225 0.004 0.0005 0.002 0.004 0.0005 0.00225 0.004 
0.00075 0.002 0.004 0.00075 0.00225 0.004 0.001 0.002 0.004 
0.001 0.00225 0.004 0.00025 0.0025 0.004 0 0.0025 0.004 
0.0005 0.0025 0.004 0.00075 0.0025 0.004 0.001 0.0025 0.004 
0.00025 0.00275 0.004 0 0.00275 0.004 0.0005 0.00275 0.004 
0.00075 0.00275 0.004 0.001 0.00275 0.004 0.00025 0.003 0.004 
0 0.003 0.004 0.0005 0.003 0.004 0.00075 0.003 0.004 
0.001 0.003 0.004 0.00025 0.00325 0.004 0 0.00325 0.004 
0.0005 0.00325 0.004 0.00075 0.00325 0.004 0.001 0.00325 0.004 
0.00025 0.0035 0.004 0 0.0035 0.004 0.0005 0.0035 0.004 
0.00075 0.0035 0.004 0.001 0.0035 0.004 0.00025 0.00375 0.004 
0 0.00375 0.004 0.0005 0.00375 0.004 0.00075 0.00375 0.004 
0.001 0.00375 0.004 0.00025 0.004 0.004 0 0.004 0.004 
0.0005 0.004 0.004 0.00075 0.004 0.004 0.001 0.004 0.004 
0.001 0.002 0.0037 0.00125 0.002 0.0037 0.00125 0.00225 0.0037 
0.001 0.00225 0.0037 0.0015 0.002 0.0037 0.0015 0.00225 0.0037 
0.00175 0.002 0.0037 0.00175 0.00225 0.0037 0.002 0.002 0.0037 
0.002 0.00225 0.0037 0.00125 0.0025 0.0037 0.001 0.0025 0.0037 
0.0015 0.0025 0.0037 0.00175 0.0025 0.0037 0.002 0.0025 0.0037 
0.00125 0.00275 0.0037 0.001 0.00275 0.0037 0.0015 0.00275 0.0037 
0.00175 0.00275 0.0037 0.002 0.00275 0.0037 0.00125 0.003 0.0037 
0.001 0.003 0.0037 0.0015 0.003 0.0037 0.00175 0.003 0.0037 
0.002 0.003 0.0037 0.00125 0.00325 0.0037 0.001 0.00325 0.0037 
0.0015 0.00325 0.0037 0.00175 0.00325 0.0037 0.002 0.00325 0.0037 
0.00125 0.0035 0.0037 0.001 0.0035 0.0037 0.0015 0.0035 0.0037 
0.00175 0.0035 0.0037 0.002 0.0035 0.0037 0.00125 0.00375 0.0037 
0.001 0.00375 0.0037 0.0015 0.00375 0.0037 0.00175 0.00375 0.0037 
0.002 0.00375 0.0037 0.00125 0.004 0.0037 0.001 0.004 0.0037 
0.0015 0.004 0.0037 0.00175 0.004 0.0037 0.002 0.004 0.0037 
0.001 0.002 0.004 0.00125 0.002 0.004 0.00125 0.00225 0.004 
0.001 0.00225 0.004 0.0015 0.002 0.004 0.0015 0.00225 0.004 
0.00175 0.002 0.004 0.00175 0.00225 0.004 0.002 0.002 0.004 
0.002 0.00225 0.004 0.00125 0.0025 0.004 0.001 0.0025 0.004 
0.0015 0.0025 0.004 0.00175 0.0025 0.004 0.002 0.0025 0.004 
0.00125 0.00275 0.004 0.001 0.00275 0.004 0.0015 0.00275 0.004 
0.00175 0.00275 0.004 0.002 0.00275 0.004 0.00125 0.003 0.004 
0.001 0.003 0.004 0.0015 0.003 0.004 0.00175 0.003 0.004 
0.002 0.003 0.004 0.00125 0.00325 0.004 0.001 0.00325 0.004 
0.0015 0.00325 0.004 0.00175 0.00325 0.004 0.002 0.00325 0.004 
0.00125 0.0035 0.004 0.001 0.0035 0.004 0.0015 0.0035 0.004 
0.00175 0.0035 0.004 0.002 0.0035 0.004 0.00125 0.00375 0.004 
0.001 0.00375 0.004 0.0015 0.00375 0.004 0.00175 0.00375 0.004 
0.002 0.00375 0.004 0.00125 0.004 0.004 0.001 0.004 0.004 
0.0015 0.004 0.004 0.00175 0.004 0.004 0.002 0.004 0.004 
0.002 0.002 0.0037 0.00225 0.002 0.0037 0.00225 0.00225 0.0037 
0.002 0.00225 0.0037 0.0025 0.002 0.0037 0.0025 0.00225 0.0037 
0.00275 0.002 0.0037 0.00275 0.00225 0.0037 0.003 0.002 0.0037 
0.003 0.00225 0.0037 0.00225 0.0025 0.0037 0.002 0.0025 0.0037 
0.0025 0.0025 0.0037 0.00275 0.0025 0.0037 0.003 0.0025 0.0037 
0.00225 0.00275 0.0037 0.002 0.00275 0.0037 0.0025 0.00275 0.0037 
0.00275 0.00275 0.0037 0.003 0.00275 0.0037 0.00225 0.003 0.0037 
0.002 0.003 0.0037 0.0025 0.003 0.0037 0.00275 0.003 0.0037 
0.003 0.003 0.0037 0.00225 0.00325 0.0037 0.002 0.00325 0.0037 
0.0025 0.00325 0.0037 0.00275 0.00325 0.0037 0.003 0.00325 0.0037 
0.00225 0.0035 0.0037 0.002 0.0035 0.0037 0.0025 0.0035 0.0037 
0.00275 0.0035 0.0037 0.003 0.0035 0.0037 0.00225 0.00375 0.0037 
0.002 0.00375 0.0037 0.0025 0.00375 0.0037 0.00275 0.00375 0.0037 
0.003 0.00375 0.0037 0.00225 0.004 0.0037 0.002 0.004 0.0037 
0.0025 0.004 0.0037 0.00275 0.004 0.0037 0.003 0.004 0.0037 
0.002 0.002 0.004 0.00225 0.002 0.004 0.00225 0.00225 0.004 
0.002 0.00225 0.004 0.0025 0.002 0.004 0.0025 0.00225 0.004 
0.00275 0.002 0.004 0.00275 0.00225 0.004 0.003 0.002 0.004 
0.003 0.00225 0.004 0.00225 0.0025 0.004 0.002 0.0025 0.004 
0.0025 0.0025 0.004 0.00275 0.0025 0.004 0.003 0.0025 0.004 
0.00225 0.00275 0.004 0.002 0.00275 0.004 0.0025 0.00275 0.004 
0.00275 0.00275 0.004 0.003 0.00275 0.004 0.00225 0.003 0.004 
0.002 0.003 0.004 0.0025 0.003 0.004 0.00275 0.003 0.004 
0.003 0.003 0.004 0.00225 0.00325 0.004 0.002 0.00325 0.004 
0.0025 0.00325 0.004 0.00275 0.00325 0.004 0.003 0.00325 0.004 
0.00225 0.0035 0.004 0.002 0.0035 0.004 0.0025 0.0035 0.004 
0.00275 0.0035 0.004 0.003 0.0035 0.004 0.00225 0.00375 0.004 
0.002 0.00375 0.004 0.0025 0.00375 0.004 0.00275 0.00375 0.004 
0.003 0.00375 0.004 0.00225 0.004 0.004 0.002 0.004 0.004 
0.0025 0.004 0.004 0.00275 0.004 0.004 0.003 0.004 0.004 
0.003 0.002 0.0037 0.00325 0.002 0.0037 0.00325 0.00225 0.0037 
0.003 0.00225 0.0037 0.0035 0.002 0.0037 0.0035 0.00225 0.0037 
0.00375 0.002 0.0037 0.00375 0.00225 0.0037 0.004 0.002 0.0037 
0.004 0.00225 0.0037 0.00325 0.0025 0.0037 0.003 0.0025 0.0037 
0.0035 0.0025 0.0037 0.00375 0.0025 0.0037 0.004 0.0025 0.0037 
0.00325 0.00275 0.0037 0.003 0.00275 0.0037 0.0035 0.00275 0.0037 
0.00375 0.00275 0.0037 0.004 0.00275 0.0037 0.00325 0.003 0.0037 
0.003 0.003 0.0037 0.0035 0.003 0.0037 0.00375 0.003 0.0037 
0.004 0.003 0.0037 0.00325 0.00325 0.0037 0.003 0.00325 0.0037 
0.0035 0.00325 0.0037 0.00375 0.00325 0.0037 0.004 0.00325 0.0037 
0.00325 0.0035 0.0037 0.003 0.0035 0.0037 0.0035 0.0035 0.0037 
0.00375 0.0035 0.0037 0.004 0.0035 0.0037 0.00325 0.00375 0.0037 
0.003 0.00375 0.0037 0.0035 0.00375 0.0037 0.00375 0.00375 0.0037 
0.004 0.00375 0.0037 0.00325 0.004 0.0037 0.003 0.004 0.0037 
0.0035 0.004 0.0037 0.00375 0.004 0.0037 0.004 0.004 0.0037 
0.003 0.002 0.004 0.00325 0.002 0.004 0.00325 0.00225 0.004 
0.003 0.00225 0.004 0.0035 0.002 0.004 0.0035 0.00225 0.004 
0.00375 0.002 0.004 0.00375 0.00225 0.004 0.004 0.002 0.004 
0.004 0.00225 0.004 0.00325 0.0025 0.004 0.003 0.0025 0.004 
0.0035 0.0025 0.004 0.00375 0.0025 0.004 0.004 0.0025 0.004 
0.00325 0.00275 0.004 0.003 0.00275 0.004 0.0035 0.00275 0.004 
0.00375 0.00275 0.004 0.004 0.00275 0.004 0.00325 0.003 0.004 
0.003 0.003 0.004 0.0035 0.003 0.004 0.00375 0.003 0.004 
0.004 0.003 0.004 0.00325 0.00325 0.004 0.003 0.00325 0.004 
0.0035 0.00325 0.004 0.00375 0.00325 0.004 0.004 0.00325 0.004 
0.00325 0.0035 0.004 0.003 0.0035 0.004 0.0035 0.0035 0.004 
0.00375 0.0035 0.004 0.004 0.0035 0.004 0.00325 0.00375 0.004 
0.003 0.00375 0.004 0.0035 0.00375 0.004 0.00375 0.00375 0.004 
0.004 0.00375 0.004 0.00325 0.004 0.004 0.003 0.004 0.004 
0.0035 0.004 0.004 0.00375 0.004 0.004 0.004 0.004 0.004 

CELLS 1024 9216
8 0 1 2 3 45 46 47 48 
8 1 4 5 2 46 49 50 47 
8 4 6 7 5 49 51 52 50 
8 6 8 9 7 51 53 54 52 
8 3 2 10 11 48 47 55 56 
8 2 5 12 10 47 50 57 55 
8 5 7 13 12 50 52 58 57 
8 7 9 14 13 52 54 59 58 
8 11 10 15 16 56 55 60 61 
8 10 12 17 15 55 57 62 60 
8 12 13 18 17 57 58 63 62 
8 13 14 19 18 58 59 64 63 
8 16 15 20 21 61 60 65 66 
8 15 17 22 20 60 62 67 65 
8 17 18 23 22 62 63 68 67 
8 18 19 24 23 63 64 69 68 
8 21 20 25 26 66 65 70 71 
8 20 22 27 25 65 67 72 70 
8 22 23 28 27 67 68 73 72 
8 23 24 29 28 68 69 74 73 
8 26 25 30 31 71 70 75 76 
8 25 27 32 30 70 72 77 75 
8 27 28 33 32 72 73 78 77 
8 28 29 34 33 73 74 79 78 
8 31 30 35 36 76 75 80 81 
8 30 32 37 35 75 77 82 80 
8 32 33 38 37 77 78 83 82 
8 33 34 39 38 78 79 84 83 
8 36 35 40 41 81 80 85 86 
8 35 37 42 40 80 82 87 85 
8 37 38 43 42 82 83 88 87 
8 38 39 44 43 83 84 89 88 
8 90 91 92 93 135 136 137 138 
8 91 94 95 92 136 139 140 137 
8 94 96 97 95 139 141 142 140 
8 96 98 99 97 141 143 144 142 
8 93 92 100 101 138 137 145 146 
8 92 95 102 100 137 140 147 145 
8 95 97 103 102 140 142 148 147 
8 97 99 104 103 142 144 149 148 
8 101 100 105 106 146 145 150 151 
8 100 102 107 105 145 147 152 150 
8 102 103 108 107 147 148 153 152 
8 103 104 109 108 148 149 154 153 
8 106 105 110 111 151 150 155 156 
8 105 107 112 110 150 152 157 155 
8 107 108 113 112 152 153 158 157 
8 108 109 114 113 153 154 159 158 
8 111 110 115 116 156 155 160 161 
8 110 112 117 115 155 157 162 160 
8 112 113 118 117 157 158 163 162 
8 113 114 119 118 158 159 164 163 
8 116 115 120 121 161 160 165 166 
8 115 117 122 120 160 162 167 165 
8 117 118 123 122 162 163 168 167 
8 118 119 124 123 163 164 169 168 
8 121 120 125 126 166 165 170 171 
8 120 122 127 125 165 167 172 170 
8 122 123 128 127 167 168 173 172 
8 123 124 129 128 168 169 174 173 
8 126 125 130 131 171 170 175 176 
8 125 127 132 130 170 172 177 175 
8 127 128 133 132 172 173 178 177 
8 128 129 134 133 173 174 179 178 
8 180 181 182 183 225 226 227 228 
8 181 184 185 182 226 229 230 227 
8 184 186 187 185 229 231 232 230 
8 186 188 189 187 231 233 234 232 
8 183 182 190 191 228 227 235 236 
8 182 185 192 190 227 230 237 235 
8 185 187 193 192 230 232 238 237 
8 187 189 194 193 232 234 239 238 
8 191 190 195 196 236 235 240 241 
8 190 192 197 195 235 237 242 240 
8 192 193 198 197 237 238 243 242 
8 193 194 199 198 238 239 244 243 
8 196 195 200 201 241 240 245 246 
8 195 197 202 200 240 242 247 245 
8 197 198 203 202 242 243 248 247 
8 198 199 204 203 243 244 249 248 
8 201 200 205 206 246 245 250 251 
8 200 202 207 205 245 247 252 250 
8 202 203 208 207 247 248 253 252 
8 203 204 209 208 248 249 254 253 
8 206 205 210 211 251 250 255 256 
8 205 207 212 210 250 252 257 255 
8 207 208 213 212 252 253 258 257 
8 208 209 214 213 253 254 259 258 
8 211 210 215 216 256 255 260 261 
8 210 212 217 215 255 257 262 260 
8 212 213 218 217 257 258 263 262 
8 213 214 219 218 258 259 264 263 
8 216 215 220 221 261 260 265 266 
8 215 217 222 220 260 262 267 265 
8 217 218 223 222 262 263 268 267 
8 218 219 224 223 263 264 269 268 
8 270 271 272 273 315 316 317 318 
8 271 274 275 272 316 319 320 317 
8 274 276 277 275 319 321 322 320 
8 276 278 279 277 321 323 324 322 
8 273 272 280 281 318 317 325 326 
8 272 275 282 280 317 320 327 325 
8 275 277 283 282 320 322 328 327 
8 277 279 284 283 322 324 329 328 
8 281 280 285 286 326 325 330 331 
8 280 282 287 285 325 327 332 330 
8 282 283 288 287 327 328 333 332 
8 283 284 289 288 328 329 334 333 
8 286 285 290 291 331 330 335 336 
8 285 287 292 290 330 332 337 335 
8 287 288 293 292 332 333 338 337 
8 288 289 294 293 333 334 339 338 
8 291 290 295 296 336 335 340 341 
8 290 292 297 295 335 337 342 340 
8 292 293 298 297 337 338 343 342 
8 293 294 299 298 338 339 344 343 
8 296 295 300 301 341 340 345 346 
8 295 297 302 300 340 342 347 345 
8 297 298 303 302 342 343 348 347 
8 298 299 304 303 343 344 349 348 
8 301 300 305 306 346 345 350 351 
8 300 302 307 305 345 347 352 350 
8 302 303 308 307 347 348 353 352 
8 303 304 309 308 348 349 354 353 
8 306 305 310 311 351 350 355 356 
8 305 307 312 310 350 352 357 355 
8 307 308 313 312 352 353 358 357 
8 308 309 314 313 353 354 359 358 
8 360 361 362 363 405 406 407 408 
8 361 364 365 362 406 409 410 407 
8 364 366 367 365 409 411 412 410 
8 366 368 369 367 411 413 414 412 
8 363 362 370 371 408 407 415 416 
8 362 365 372 370 407 410 417 415 
8 365 367 373 372 410 412 418 417 
8 367 369 374 373 412 414 419 418 
8 371 370 375 376 416 415 420 421 
8 370 372 377 375 415 417 422 420 
8 372 373 378 377 417 418 423 422 
8 373 374 379 378 418 419 424 423 
8 376 375 380 381 421 420 425 426 
8 375 377 382 380 420 422 427 425 
8 377 378 383 382 422 423 428 427 
8 378 379 384 383 423 424 429 428 
8 381 380 385 386 426 425 430 431 
8 380 382 387 385 425 427 432 430 
8 382 383 388 387 427 428 433 432 
8 383 384 389 388 428 429 434 433 
8 386 385 390 391 431 430 435 436 
8 385 387 392 390 430 432 437 435 
8 387 388 393 392 432 433 438 437 
8 388 389 394 393 433 434 439 438 
8 391 390 395 396 436 435 440 441 
8 390 392 397 395 435 437 442 440 
8 392 393 398 397 437 438 443 442 
8 393 394 399 398 438 439 444 443 
8 396 395 400 401 441 440 445 446 
8 395 397 402 400 440 442 447 445 
8 397 398 403 402 442 443 448 447 
8 398 399 404 403 443 444 449 448 
8 450 451 452 453 495 496 497 498 
8 451 454 455 452 496 499 500 497 
8 454 456 457 455 499 501 502 500 
8 456 458 459 457 501 503 504 502 
8 453 452 460 461 498 497 505 506 
8 452 455 462 460 497 500 507 505 
8 455 457 463 462 500 502 508 507 
8 457 459 464 463 502 504 509 508 
8 461 460 465 466 506 505 510 511 
8 460 462 467 465 505 507 512 510 
8 462 463 468 467 507 508 513 512 
8 463 464 469 468 508 509 514 513 
8 466 465 470 471 511 510 515 516 
8 465 467 472 470 510 512 517 515 
8 467 468 473 472 512 513 518 517 
8 468 469 474 473 513 514 519 518 
8 471 470 475 476 516 515 520 521 
8 470 472 477 475 515 517 522 520 
8 472 473 478 477 517 518 523 522 
8 473 474 479 478 518 519 524 523 
8 476 475 480 481 521 520 525 526 
8 475 477 482 480 520 522 527 525 
8 477 478 483 482 522 523 528 527 
8 478 479 484 483 523 524 529 528 
8 481 480 485 486 526 525 530 531 
8 480 482 487 485 525 527 532 530 
8 482 483 488 487 527 528 533 532 
8 483 484 489 488 528 529 534 533 
8 486 485 490 491 531 530 535 536 
8 485 487 492 490 530 532 537 535 
8 487 488 493 492 532 533 538 537 
8 488 489 494 493 533 534 539 538 
8 540 541 542 543 585 586 587 588 
8 541 544 545 542 586 589 590 587 
8 544 546 547 545 589 591 592 590 
8 546 548 549 547 591 593 594 592 
8 543 542 550 551 588 587 595 596 
8 542 545 552 550 587 590 597 595 
8 545 547 553 552 590 592 598 597 
8 547 549 554 553 592 594 599 598 
8 551 550 555 556 596 595 600 601 
8 550 552 557 555 595 597 602 600 
8 552 553 558 557 597 598 603 602 
8 553 554 559 558 598 599 604 603 
8 556 555 560 561 601 600 605 606 
8 555 557 562 560 600 602 607 605 
8 557 558 563 562 602 603 608 607 
8 558 559 564 563 603 604 609 608 
8 561 560 565 566 606 605 610 611 
8 560 562 567 565 605 607 612 610 
8 562 563 568 567 607 608 613 612 
8 563 564 569 568 608 609 614 613 
8 566 565 570 571 611 610 615 616 
8 565 567 572 570 610 612 617 615 
8 567 568 573 572 612 613 618 617 
8 568 569 574 573 613 614 619 618 
8 571 570 575 576 616 615 620 621 
8 570 572 577 575 615 617 622 620 
8 572 573 578 577 617 618 623 622 
8 573 574 579 578 618 619 624 623 
8 576 575 580 581 621 620 625 626 
8 575 577 582 580 620 622 627 625 
8 577 578 583 582 622 623 628 627 
8 578 579 584 583 623 624 629 628 
8 630 631 632 633 675 676 677 678 
8 631 634 635 632 676 679 680 677 
8 634 636 637 635 679 681 682 680 
8 636 638 639 637 681 683 684 682 
8 633 632 640 641 678 677 685 686 
8 632 635 642 640 677 680 687 685 
8 635 637 643 642 680 682 688 687 
8 637 639 644 643 682 684 689 688 
8 641 640 645 646 686 685 690 691 
8 640 642 647 645 685 687 692 690 
8 642 643 648 647 687 688 693 692 
8 643 644 649 648 688 689 694 693 
8 646 645 650 651 691 690 695 696 
8 645 647 652 650 690 692 697 695 
8 647 648 653 652 692 693 698 697 
8 648 649 654 653 693 694 699 698 
8 651 650 655 656 696 695 700 701 
8 650 652 657 655 695 697 702 700 
8 652 653 658 657 697 698 703 702 
8 653 654 659 658 698 699 704 703 
8 656 655 660 661 701 700 705 706 
8 655 657 662 660 700 702 707 705 
8 657 658 663 662 702 703 708 707 
8 658 659 664 663 703 704 709 708 
8 661 660 665 666 706 705 710 711 
8 660 662 667 665 705 707 712 710 
8 662 663 668 667 707 708 713 712 
8 663 664 669 668 708 709 714 713 
8 666 665 670 671 711 710 715 716 
8 665 667 672 670 710 712 717 715 
8 667 668 673 672 712 713 718 717 
8 668 669 674 673 713 714 719 718 
8 720 721 722 723 765 766 767 768 
8 721 724 725 722 766 769 770 767 
8 724 726 727 725 769 771 772 770 
8 726 728 729 727 771 773 774 772 
8 723 722 730 731 768 767 775 776 
8 722 725 732 730 767 770 777 775 
8 725 727 733 732 770 772 778 777 
8 727 729 734 733 772 774 779 778 
8 731 730 735 736 776 775 780 781 
8 730 732 737 735 775 777 782 780 
8 732 733 738 737 777 778 783 782 
8 733 734 739 738 778 779 784 783 
8 736 735 740 741 781 780 785 786 
8 735 737 742 740 780 782 787 785 
8 737 738 743 742 782 783 788 787 
8 738 739 744 743 783 784 789 788 
8 741 740 745 746 786 785 790 791 
8 740 742 747 745 785 787 792 790 
8 742 743 748 747 787 788 793 792 
8 743 744 749 748 788 789 794 793 
8 746 745 750 751 791 790 795 796 
8 745 747 752 750 790 792 797 795 
8 747 748 753 752 792 793 798 797 
8 748 749 754 753 793 794 799 798 
8 751 750 755 756 796 795 800 801 
8 750 752 757 755 795 797 802 800 
8 752 753 758 757 797 798 803 802 
8 753 754 759 758 798 799 804 803 
8 756 755 760 761 801 800 805 806 
8 755 757 762 760 800 802 807 805 
8 757 758 763 762 802 803 808 807 
8 758 759 764 763 803 804 809 808 
8 810 811 812 813 855 856 857 858 
8 811 814 815 812 856 859 860 857 
8 814 816 817 815 859 861 862 860 
8 816 818 819 817 861 863 864 862 
8 813 812 820 821 858 857 865 866 
8 812 815 822 820 857 860 867 865 
8 815 817 823 822 860 862 868 867 
8 817 819 824 823 862 864 869 868 
8 821 820 825 826 866 865 870 871 
8 820 822 827 825 865 867 872 870 
8 822 823 828 827 867 868 873 872 
8 823 824 829 828 868 869 874 873 
8 826 825 830 831 871 870 875 876 
8 825 827 832 830 870 872 877 875 
8 827 828 833 832 872 873 878 877 
8 828 829 834 833 873 874 879 878 
8 831 830 835 836 876 875 880 881 
8 830 832 837 835 875 877 882 880 
8 832 833 838 837 877 878 883 882 
8 833 834 839 838 878 879 884 883 
8 836 835 840 841 881 880 885 886 
8 835 837 842 840 880 882 887 885 
8 837 838 843 842 882 883 888 887 
8 838 839 844 843 883 884 889 888 
8 841 840 845 846 886 885 890 891 
8 840 842 847 845 885 887 892 890 
8 842 843 848 847 887 888 893 892 
8 843 844 849 848 888 889 894 893 
8 846 845 850 851 891 890 895 896 
8 845 847 852 850 890 892 897 895 
8 847 848 853 852 892 893 898 897 
8 848 849 854 853 893 894 899 898 
8 900 901 902 903 945 946 947 948 
8 901 904 905 902 946 949 950 947 
8 904 906 907 905 949 951 952 950 
8 906 908 909 907 951 953 954 952 
8 903 902 910 911 948 947 955 956 
8 902 905 912 910 947 950 957 955 
8 905 907 913 912 950 952 958 957 
8 907 909 914 913 952 954 959 958 
8 911 910 915 916 956 955 960 961 
8 910 912 917 915 955 957 962 960 
8 912 913 918 917 957 958 963 962 
8 913 914 919 918 958 959 964 963 
8 916 915 920 921 961 960 965 966 
8 915 917 922 920 960 962 967 965 
8 917 918 923 922 962 963 968 967 
8 918 919 924 923 963 964 969 968 
8 921 920 925 926 966 965 970 971 
8 920 922 927 925 965 967 972 970 
8 922 923 928 927 967 968 973 972 
8 923 924 929 928 968 969 974 973 
8 926 925 930 931 971 970 975 976 
8 925 927 932 930 970 972 977 975 
8 927 928 933 932 972 973 978 977 
8 928 929 934 933 973 974 979 978 
8 931 930 935 936 976 975 980 981 
8 930 932 937 935 975 977 982 980 
8 932 933 938 937 977 978 983 982 
8 933 934 939 938 978 979 984 983 
8 936 935 940 941 981 980 985 986 
8 935 937 942 940 980 982 987 985 
8 937 938 943 942 982 983 988 987 
8 938 939 944 943 983 984 989 988 
8 990 991 992 993 1035 1036 1037 1038 
8 991 994 995 992 1036 1039 1040 1037 
8 994 996 997 995 1039 1041 1042 1040 
8 996 998 999 997 1041 1043 1044 1042 
8 993 992 1000 1001 1038 1037 1045 1046 
8 992 995 1002 1000 1037 1040 1047 1045 
8 995 997 1003 1002 1040 1042 1048 1047 
8 997 999 1004 1003 1042 1044 1049 1048 
8 1001 1000 1005 1006 1046 1045 1050 1051 
8 1000 1002 1007 1005 1045 1047 1052 1050 
8 1002 1003 1008 1007 1047 1048 1053 1052 
8 1003 1004 1009 1008 1048 1049 1054 1053 
8 1006 1005 1010 1011 1051 1050 1055 1056 
8 1005 1007 1012 1010 1050 1052 1057 1055 
8 1007 1008 1013 1012 1052 1053 1058 1057 
8 1008 1009 1014 1013 1053 1054 1059 1058 
8 1011 1010 1015 1016 1056 1055 1060 1061 
8 1010 1012 1017 1015 1055 1057 1062 1060 
8 1012 1013 1018 1017 1057 1058 1063 1062 
8 1013 1014 1019 1018 1058 1059 1064 1063 
8 1016 1015 1020 1021 1061 1060 1065 1066 
8 1015 1017 1022 1020 1060 1062 1067 1065 
8 1017 1018 1023 1022 1062 1063 1068 1067 
8 1018 1019 1024 1023 1063 1064 1069 1068 
8 1021 1020 1025 1026 1066 1065 1070 1071 
8 1020 1022 1027 1025 1065 1067 1072 1070 
8 1022 1023 1028 1027 1067 1068 1073 1072 
8 1023 1024 1029 1028 1068 1069 1074 1073 
8 1026 1025 1030 1031 1071 1070 1075 1076 
8 1025 1027 1032 1030 1070 1072 1077 1075 
8 1027 1028 1033 1032 1072 1073 1078 1077 
8 1028 1029 1034 1033 1073 1074 1079 1078 
8 1080 1081 1082 1083 1125 1126 1127 1128 
8 1081 1084 1085 1082 1126 1129 1130 1127 
8 1084 1086 1087 1085 1129 1131 1132 1130 
8 1086 1088 1089 1087 1131 1133 1134 1132 
8 1083 1082 1090 1091 1128 1127 1135 1136 
8 1082 1085 1092 1090 1127 1130 1137 1135 
8 1085 1087 1093 1092 1130 1132 1138 1137 
8 1087 1089 1094 1093 1132 1134 1139 1138 
8 1091 1090 1095 1096 1136 1135 1140 1141 
8 1090 1092 1097 1095 1135 1137 1142 1140 
8 1092 1093 1098 1097 1137 1138 1143 1142 
8 1093 1094 1099 1098 1138 1139 1144 1143 
8 1096 1095 1100 1101 1141 1140 1145 1146 
8 1095 1097 1102 1100 1140 1142 1147 1145 
8 1097 1098 1103 1102 1142 1143 1148 1147 
8 1098 1099 1104 1103 1143 1144 1149 1148 
8 1101 1100 1105 1106 1146 1145 1150 1151 
8 1100 1102 1107 1105 1145 1147 1152 1150 
8 1102 1103 1108 1107 1147 1148 1153 1152 
8 1103 1104 1109 1108 1148 1149 1154 1153 
8 1106 1105 1110 1111 1151 1150 1155 1156 
8 1105 1107 1112 1110 1150 1152 1157 1155 
8 1107 1108 1113 1112 1152 1153 1158 1157 
8 1108 1109 1114 1113 1153 1154 1159 1158 
8 1111 1110 1115 1116 1156 1155 1160 1161 
8 1110 1112 1117 1115 1155 1157 1162 1160 
8 1112 1113 1118 1117 1157 1158 1163 1162 
8 1113 1114 1119 1118 1158 1159 1164 1163 
8 1116 1115 1120 1121 1161 1160 1165 1166 
8 1115 1117 1122 1120 1160 1162 1167 1165 
8 1117 1118 1123 1122 1162 1163 1168 1167 
8 1118 1119 1124 1123 1163 1164 1169 1168 
8 1170 1171 1172 1173 1215 1216 1217 1218 
8 1171 1174 1175 1172 1216 1219 1220 1217 
8 1174 1176 1177 1175 1219 1221 1222 1220 
8 1176 1178 1179 1177 1221 1223 1224 1222 
8 1173 1172 1180 1181 1218 1217 1225 1226 
8 1172 1175 1182 1180 1217 1220 1227 1225 
8 1175 1177 1183 1182 1220 1222 1228 1227 
8 1177 1179 1184 1183 1222 1224 1229 1228 
8 1181 1180 1185 1186 1226 1225 1230 1231 
8 1180 1182 1187 1185 1225 1227 1232 1230 
8 1182 1183 1188 1187 1227 1228 1233 1232 
8 1183 1184 1189 1188 1228 1229 1234 1233 
8 1186 1185 1190 1191 1231 1230 1235 1236 
8 1185 1187 1192 1190 1230 1232 1237 1235 
8 1187 1188 1193 1192 1232 1233 1238 1237 
8 1188 1189 1194 1193 1233 1234 1239 1238 
8 1191 1190 1195 1196 1236 1235 1240 1241 
8 1190 1192 1197 1195 1235 1237 1242 1240 
8 1192 1193 1198 1197 1237 1238 1243 1242 
8 1193 1194 1199 1198 1238 1239 1244 1243 
8 1196 1195 1200 1201 1241 1240 1245 1246 
8 1195 1197 1202 1200 1240 1242 1247 1245 
8 1197 1198 1203 1202 1242 1243 1248 1247 
8 1198 1199 1204 1203 1243 1244 1249 1248 
8 1201 1200 1205 1206 1246 1245 1250 1251 
8 1200 1202 1207 1205 1245 1247 1252 1250 
8 1202 1203 1208 1207 1247 1248 1253 1252 
8 1203 1204 1209 1208 1248 1249 1254 1253 
8 1206 1205 1210 1211 1251 1250 1255 1256 
8 1205 1207 1212 1210 1250 1252 1257 1255 
8 1207 1208 1213 1212 1252 1253 1258 1257 
8 1208 1209 1214 1213 1253 1254 1259 1258 
8 1260 1261 1262 1263 1305 1306 1307 1308 
8 1261 1264 1265 1262 1306 1309 1310 1307 
8 1264 1266 1267 1265 1309 1311 1312 1310 
8 1266 1268 1269 1267 1311 1313 1314 1312 
8 1263 1262 1270 1271 1308 1307 1315 1316 
8 1262 1265 1272 1270 1307 1310 1317 1315 
8 1265 1267 1273 1272 1310 1312 1318 1317 
8 1267 1269 1274 1273 1312 1314 1319 1318 
8 1271 1270 1275 1276 1316 1315 1320 1321 
8 1270 1272 1277 1275 1315 1317 1322 1320 
8 1272 1273 1278 1277 1317 1318 1323 1322 
8 1273 1274 1279 1278 1318 1319 1324 1323 
8 1276 1275 1280 1281 1321 1320 1325 1326 
8 1275 1277 1282 1280 1320 1322 1327 1325 
8 1277 1278 1283 1282 1322 1323 1328 1327 
8 1278 1279 1284 1283 1323 1324 1329 1328 
8 1281 1280 1285 1286 1326 1325 1330 1331 
8 1280 1282 1287 1285 1325 1327 1332 1330 
8 1282 1283 1288 1287 1327 1328 1333 1332 
8 1283 1284 1289 1288 1328 1329 1334 1333 
8 1286 1285 1290 1291 1331 1330 1335 1336 
8 1285 1287 1292 1290 1330 1332 1337 1335 
8 1287 1288 1293 1292 1332 1333 1338 1337 
8 1288 1289 1294 1293 1333 1334 1339 1338 
8 1291 1290 1295 1296 1336 1335 1340 1341 
8 1290 1292 1297 1295 1335 1337 1342 1340 
8 1292 1293 1298 1297 1337 1338 1343 1342 
8 1293 1294 1299 1298 1338 1339 1344 1343 
8 1296 1295 1300 1301 1341 1340 1345 1346 
8 1295 1297 1302 1300 1340 1342 1347 1345 
8 1297 1298 1303 1302 1342 1343 1348 1347 
8 1298 1299 1304 1303 1343 1344 1349 1348 
8 1350 1351 1352 1353 1395 1396 1397 1398 
8 1351 1354 1355 1352 1396 1399 1400 1397 
8 1354 1356 1357 1355 1399 1401 1402 1400 
8 1356 1358 1359 1357 1401 1403 1404 1402 
8 1353 1352 1360 1361 1398 1397 1405 1406 
8 1352 1355 1362 1360 1397 1400 1407 1405 
8 1355 1357 1363 1362 1400 1402 1408 1407 
8 1357 1359 1364 1363 1402 1404 1409 1408 
8 1361 1360 1365 1366 1406 1405 1410 1411 
8 1360 1362 1367 1365 1405 1407 1412 1410 
8 1362 1363 1368 1367 1407 1408 1413 1412 
8 1363 1364 1369 1368 1408 1409 1414 1413 
8 1366 1365 1370 1371 1411 1410 1415 1416 
8 1365 1367 1372 1370 1410 1412 1417 1415 
8 1367 1368 1373 1372 1412 1413 1418 1417 
8 1368 1369 1374 1373 1413 1414 1419 1418 
8 1371 1370 1375 1376 1416 1415 1420 1421 
8 1370 1372 1377 1375 1415 1417 1422 1420 
8 1372 1373 1378 1377 1417 1418 1423 1422 
8 1373 1374 1379 1378 1418 1419 1424 1423 
8 1376 1375 1380 1381 1421 1420 1425 1426 
8 1375 1377 1382 1380 1420 1422 1427 1425 
8 1377 1378 1383 1382 1422 1423 1428 1427 
8 1378 1379 1384 1383 1423 1424 1429 1428 
8 1381 1380 1385 1386 1426 1425 1430 1431 
8 1380 1382 1387 1385 1425 1427 1432 1430 
8 1382 1383 1388 1387 1427 1428 1433 1432 
8 1383 1384 1389 1388 1428 1429 1434 1433 
8 1386 1385 1390 1391 1431 1430 1435 1436 
8 1385 1387 1392 1390 1430 1432 1437 1435 
8 1387 1388 1393 1392 1432 1433 1438 1437 
8 1388 1389 1394 1393 1433 1434 1439 1438 
8 1440 1441 1442 1443 1485 1486 1487 1488 
8 1441 1444 1445 1442 1486 1489 1490 1487 
8 1444 1446 1447 1445 1489 1491 1492 1490 
8 1446 1448 1449 1447 1491 1493 1494 1492 
8 1443 1442 1450 1451 1488 1487 1495 1496 
8 1442 1445 1452 1450 1487 1490 1497 1495 
8 1445 1447 1453 1452 1490 1492 1498 1497 
8 1447 1449 1454 1453 1492 1494 1499 1498 
8 1451 1450 1455 1456 1496 1495 1500 1501 
8 1450 1452 1457 1455 1495 1497 1502 1500 
8 1452 1453 1458 1457 1497 1498 1503 1502 
8 1453 1454 1459 1458 1498 1499 1504 1503 
8 1456 1455 1460 1461 1501 1500 1505 1506 
8 1455 1457 1462 1460 1500 1502 1507 1505 
8 1457 1458 1463 1462 1502 1503 1508 1507 
8 1458 1459 1464 1463 1503 1504 1509 1508 
8 1461 1460 1465 1466 1506 1505 1510 1511 
8 1460 1462 1467 1465 1505 1507 1512 1510 
8 1462 1463 1468 1467 1507 1508 1513 1512 
8 1463 1464 1469 1468 1508 1509 1514 1513 
8 1466 1465 1470 1471 1511 1510 1515 1516 
8 1465 1467 1472 1470 1510 1512 1517 1515 
8 1467 1468 1473 1472 1512 1513 1518 1517 
8 1468 1469 1474 1473 1513 1514 1519 1518 
8 1471 1470 1475 1476 1516 1515 1520 1521 
8 1470 1472 1477 1475 1515 1517 1522 1520 
8 1472 1473 1478 1477 1517 1518 1523 1522 
8 1473 1474 1479 1478 1518 1519 1524 1523 
8 1476 1475 1480 1481 1521 1520 1525 1526 
8 1475 1477 1482 1480 1520 1522 1527 1525 
8 1477 1478 1483 1482 1522 1523 1528 1527 
8 1478 1479 1484 1483 1523 1524 1529 1528 
8 1530 1531 1532 1533 1575 1576 1577 1578 
8 1531 1534 1535 1532 1576 1579 1580 1577 
8 1534 1536 1537 1535 1579 1581 1582 1580 
8 1536 1538 1539 1537 1581 1583 1584 1582 
8 1533 1532 1540 1541 1578 1577 1585 1586 
8 1532 1535 1542 1540 1577 1580 1587 1585 
8 1535 1537 1543 1542 1580 1582 1588 1587 
8 1537 1539 1544 1543 1582 1584 1589 1588 
8 1541 1540 1545 1546 1586 1585 1590 1591 
8 1540 1542 1547 1545 1585 1587 1592 1590 
8 1542 1543 1548 1547 1587 1588 1593 1592 
8 1543 1544 1549 1548 1588 1589 1594 1593 
8 1546 1545 1550 1551 1591 1590 1595 1596 
8 1545 1547 1552 1550 1590 1592 1597 1595 
8 1547 1548 1553 1552 1592 1593 1598 1597 
8 1548 1549 1554 1553 1593 1594 1599 1598 
8 1551 1550 1555 1556 1596 1595 1600 1601 
8 1550 1552 1557 1555 1595 1597 1602 1600 
8 1552 1553 1558 1557 1597 1598 1603 1602 
8 1553 1554 1559 1558 1598 1599 1604 1603 
8 1556 1555 1560 1561 1601 1600 1605 1606 
8 1555 1557 1562 1560 1600 1602 1607 1605 
8 1557 1558 1563 1562 1602 1603 1608 1607 
8 1558 1559 1564 1563 1603 1604 1609 1608 
8 1561 1560 1565 1566 1606 1605 1610 1611 
8 1560 1562 1567 1565 1605 1607 1612 1610 
8 1562 1563 1568 1567 1607 1608 1613 1612 
8 1563 1564 1569 1568 1608 1609 1614 1613 
8 1566 1565 1570 1571 1611 1610 1615 1616 
8 1565 1567 1572 1570 1610 1612 1617 1615 
8 1567 1568 1573 1572 1612 1613 1618 1617 
8 1568 1569 1574 1573 1613 1614 1619 1618 
8 1620 1621 1622 1623 1665 1666 1667 1668 
8 1621 1624 1625 1622 1666 1669 1670 1667 
8 1624 1626 1627 1625 1669 1671 1672 1670 
8 1626 1628 1629 1627 1671 1673 1674 1672 
8 1623 1622 1630 1631 1668 1667 1675 1676 
8 1622 1625 1632 1630 1667 1670 1677 1675 
8 1625 1627 1633 1632 1670 1672 1678 1677 
8 1627 1629 1634 1633 1672 1674 1679 1678 
8 1631 1630 1635 1636 1676 1675 1680 1681 
8 1630 1632 1637 1635 1675 1677 1682 1680 
8 1632 1633 1638 1637 1677 1678 1683 1682 
8 1633 1634 1639 1638 1678 1679 1684 1683 
8 1636 1635 1640 1641 1681 1680 1685 1686 
8 1635 1637 1642 1640 1680 1682 1687 1685 
8 1637 1638 1643 1642 1682 1683 1688 1687 
8 1638 1639 1644 1643 1683 1684 1689 1688 
8 1641 1640 1645 1646 1686 1685 1690 1691 
8 1640 1642 1647 1645 1685 1687 1692 1690 
8 1642 1643 1648 1647 1687 1688 1693 1692 
8 1643 1644 1649 1648 1688 1689 1694 1693 
8 1646 1645 1650 1651 1691 1690 1695 1696 
8 1645 1647 1652 1650 1690 1692 1697 1695 
8 1647 1648 1653 1652 1692 1693 1698 1697 
8 1648 1649 1654 1653 1693 1694 1699 1698 
8 1651 1650 1655 1656 1696 1695 1700 1701 
8 1650 1652 1657 1655 1695 1697 1702 1700 
8 1652 1653 1658 1657 1697 1698 1703 1702 
8 1653 1654 1659 1658 1698 1699 1704 1703 
8 1656 1655 1660 1661 1701 1700 1705 1706 
8 1655 1657 1662 1660 1700 1702 1707 1705 
8 1657 1658 1663 1662 1702 1703 1708 1707 
8 1658 1659 1664 1663 1703 1704 1709 1708 
8 1710 1711 1712 1713 1755 1756 1757 1758 
8 1711 1714 1715 1712 1756 1759 1760 1757 
8 1714 1716 1717 1715 1759 1761 1762 1760 
8 1716 1718 1719 1717 1761 1763 1764 1762 
8 1713 1712 1720 1721 1758 1757 1765 1766 
8 1712 1715 1722 1720 1757 1760 1767 1765 
8 1715 1717 1723 1722 1760 1762 1768 1767 
8 1717 1719 1724 1723 1762 1764 1769 1768 
8 1721 1720 1725 1726 1766 1765 1770 1771 
8 1720 1722 1727 1725 1765 1767 1772 1770 
8 1722 1723 1728 1727 1767 1768 1773 1772 
8 1723 1724 1729 1728 1768 1769 1774 1773 
8 1726 1725 1730 1731 1771 1770 1775 1776 
8 1725 1727 1732 1730 1770 1772 1777 1775 
8 1727 1728 1733 1732 1772 1773 1778 1777 
8 1728 1729 1734 1733 1773 1774 1779 1778 
8 1731 1730 1735 1736 1776 1775 1780 1781 
8 1730 1732 1737 1735 1775 1777 1782 1780 
8 1732 1733 1738 1737 1777 1778 1783 1782 
8 1733 1734 1739 1738 1778 1779 1784 1783 
8 1736 1735 1740 1741 1781 1780 1785 1786 
8 1735 1737 1742 1740 1780 1782 1787 1785 
8 1737 1738 1743 1742 1782 1783 1788 1787 
8 1738 1739 1744 1743 1783 1784 1789 1788 
8 1741 1740 1745 1746 1786 1785 1790 1791 
8 1740 1742 1747 1745 1785 1787 1792 1790 
8 1742 1743 1748 1747 1787 1788 1793 1792 
8 1743 1744 1749 1748 1788 1789 1794 1793 
8 1746 1745 1750 1751 1791 1790 1795 1796 
8 1745 1747 1752 1750 1790 1792 1797 1795 
8 1747 1748 1753 1752 1792 1793 1798 1797 
8 1748 1749 1754 1753 1793 1794 1799 1798 
8 1800 1801 1802 1803 1845 1846 1847 1848 
8 1801 1804 1805 1802 1846 1849 1850 1847 
8 1804 1806 1807 1805 1849 1851 1852 1850 
8 1806 1808 1809 1807 1851 1853 1854 1852 
8 1803 1802 1810 1811 1848 1847 1855 1856 
8 1802 1805 1812 1810 1847 1850 1857 1855 
8 1805 1807 1813 1812 1850 1852 1858 1857 
8 1807 1809 1814 1813 1852 1854 1859 1858 
8 1811 1810 1815 1816 1856 1855 1860 1861 
8 1810 1812 1817 1815 1855 1857 1862 1860 
8 1812 1813 1818 1817 1857 1858 1863 1862 
8 1813 1814 1819 1818 1858 1859 1864 1863 
8 1816 1815 1820 1821 1861 1860 1865 1866 
8 1815 1817 1822 1820 1860 1862 1867 1865 
8 1817 1818 1823 1822 1862 1863 1868 1867 
8 1818 1819 1824 1823 1863 1864 1869 1868 
8 1821 1820 1825 1826 1866 1865 1870 1871 
8 1820 1822 1827 1825 1865 1867 1872 1870 
8 1822 1823 1828 1827 1867 1868 1873 1872 
8 1823 1824 1829 1828 1868 1869 1874 1873 
8 1826 1825 1830 1831 1871 1870 1875 1876 
8 1825 1827 1832 1830 1870 1872 1877 1875 
8 1827 1828 1833 1832 1872 1873 1878 1877 
8 1828 1829 1834 1833 1873 1874 1879 1878 
8 1831 1830 1835 1836 1876 1875 1880 1881 
8 1830 1832 1837 1835 1875 1877 1882 1880 
8 1832 1833 1838 1837 1877 1878 1883 1882 
8 1833 1834 1839 1838 1878 1879 1884 1883 
8 1836 1835 1840 1841 1881 1880 1885 1886 
8 1835 1837 1842 1840 1880 1882 1887 1885 
8 1837 1838 1843 1842 1882 1883 1888 1887 
8 1838 1839 1844 1843 1883 1884 1889 1888 
8 1890 1891 1892 1893 1935 1936 1937 1938 
8 1891 1894 1895 1892 1936 1939 1940 1937 
8 1894 1896 1897 1895 1939 1941 1942 1940 
8 1896 1898 1899 1897 1941 1943 1944 1942 
8 1893 1892 1900 1901 1938 1937 1945 1946 
8 1892 1895 1902 1900 1937 1940 1947 1945 
8 1895 1897 1903 1902 1940 1942 1948 1947 
8 1897 1899 1904 1903 1942 1944 1949 1948 
8 1901 1900 1905 1906 1946 1945 1950 1951 
8 1900 1902 1907 1905 1945 1947 1952 1950 
8 1902 1903 1908 1907 1947 1948 1953 1952 
8 1903 1904 1909 1908 1948 1949 1954 1953 
8 1906 1905 1910 1911 1951 1950 1955 1956 
8 1905 1907 1912 1910 1950 1952 1957 1955 
8 1907 1908 1913 1912 1952 1953 1958 1957 
8 1908 1909 1914 1913 1953 1954 1959 1958 
8 1911 1910 1915 1916 1956 1955 1960 1961 
8 1910 1912 1917 1915 1955 1957 1962 1960 
8 1912 1913 1918 1917 1957 1958 1963 1962 
8 1913 1914 1919 1918 1958 1959 1964 1963 
8 1916 1915 1920 1921 1961 1960 1965 1966 
8 1915 1917 1922 1920 1960 1962 1967 1965 
8 1917 1918 1923 1922 1962 1963 1968 1967 
8 1918 1919 1924 1923 1963 1964 1969 1968 
8 1921 1920 1925 1926 1966 1965 1970 1971 
8 1920 1922 1927 1925 1965 1967 1972 1970 
8 1922 1923 1928 1927 1967 1968 1973 1972 
8 1923 1924 1929 1928 1968 1969 1974 1973 
8 1926 1925 1930 1931 1971 1970 1975 1976 
8 1925 1927 1932 1930 1970 1972 1977 1975 
8 1927 1928 1933 1932 1972 1973 1978 1977 
8 1928 1929 1934 1933 1973 1974 1979 1978 
8 1980 1981 1982 1983 2025 2026 2027 2028 
8 1981 1984 1985 1982 2026 2029 2030 2027 
8 1984 1986 1987 1985 2029 2031 2032 2030 
8 1986 1988 1989 1987 2031 2033 2034 2032 
8 1983 1982 1990 1991 2028 2027 2035 2036 
8 1982 1985 1992 1990 2027 2030 2037 2035 
8 1985 1987 1993 1992 2030 2032 2038 2037 
8 1987 1989 1994 1993 2032 2034 2039 2038 
8 1991 1990 1995 1996 2036 2035 2040 2041 
8 1990 1992 1997 1995 2035 2037 2042 2040 
8 1992 1993 1998 1997 2037 2038 2043 2042 
8 1993 1994 1999 1998 2038 2039 2044 2043 
8 1996 1995 2000 2001 2041 2040 2045 2046 
8 1995 1997 2002 2000 2040 2042 2047 2045 
8 1997 1998 2003 2002 2042 2043 2048 2047 
8 1998 1999 2004 2003 2043 2044 2049 2048 
8 2001 2000 2005 2006 2046 2045 2050 2051 
8 2000 2002 2007 2005 2045 2047 2052 2050 
8 2002 2003 2008 2007 2047 2048 2053 2052 
8 2003 2004 2009 2008 2048 2049 2054 2053 
8 2006 2005 2010 2011 2051 2050 2055 2056 
8 2005 2007 2012 2010 2050 2052 2057 2055 
8 2007 2008 2013 2012 2052 2053 2058 2057 
8 2008 2009 2014 2013 2053 2054 2059 2058 
8 2011 2010 2015 2016 2056 2055 2060 2061 
8 2010 2012 2017 2015 2055 2057 2062 2060 
8 2012 2013 2018 2017 2057 2058 2063 2062 
8 2013 2014 2019 2018 2058 2059 2064 2063 
8 2016 2015 2020 2021 2061 2060 2065 2066 
8 2015 2017 2022 2020 2060 2062 2067 2065 
8 2017 2018 2023 2022 2062 2063 2068 2067 
8 2018 2019 2024 2023 2063 2064 2069 2068 
8 2070 2071 2072 2073 2115 2116 2117 2118 
8 2071 2074 2075 2072 2116 2119 2120 2117 
8 2074 2076 2077 2075 2119 2121 2122 2120 
8 2076 2078 2079 2077 2121 2123 2124 2122 
8 2073 2072 2080 2081 2118 2117 2125 2126 
8 2072 2075 2082 2080 2117 2120 2127 2125 
8 2075 2077 2083 2082 2120 2122 2128 2127 
8 2077 2079 2084 2083 2122 2124 2129 2128 
8 2081 2080 2085 2086 2126 2125 2130 2131 
8 2080 2082 2087 2085 2125 2127 2132 2130 
8 2082 2083 2088 2087 2127 2128 2133 2132 
8 2083 2084 2089 2088 2128 2129 2134 2133 
8 2086 2085 2090 2091 2131 2130 2135 2136 
8 2085 2087 2092 2090 2130 2132 2137 2135 
8 2087 2088 2093 2092 2132 2133 2138 2137 
8 2088 2089 2094 2093 2133 2134 2139 2138 
8 2091 2090 2095 2096 2136 2135 2140 2141 
8 2090 2092 2097 2095 2135 2137 2142 2140 
8 2092 2093 2098 2097 2137 2138 2143 2142 
8 2093 2094 2099 2098 2138 2139 2144 2143 
8 2096 2095 2100 2101 2141 2140 2145 2146 
8 2095 2097 2102 2100 2140 2142 2147 2145 
8 2097 2098 2103 2102 2142 2143 2148 2147 
8 2098 2099 2104 2103 2143 2144 2149 2148 
8 2101 2100 2105 2106 2146 2145 2150 2151 
8 2100 2102 2107 2105 2145 2147 2152 2150 
8 2102 2103 2108 2107 2147 2148 2153 2152 
8 2103 2104 2109 2108 2148 2149 2154 2153 
8 2106 2105 2110 2111 2151 2150 2155 2156 
8 2105 2107 2112 2110 2150 2152 2157 2155 
8 2107 2108 2113 2112 2152 2153 2158 2157 
8 2108 2109 2114 2113 2153 2154 2159 2158 
8 2160 2161 2162 2163 2205 2206 2207 2208 
8 2161 2164 2165 2162 2206 2209 2210 2207 
8 2164 2166 2167 2165 2209 2211 2212 2210 
8 2166 2168 2169 2167 2211 2213 2214 2212 
8 2163 2162 2170 2171 2208 2207 2215 2216 
8 2162 2165 2172 2170 2207 2210 2217 2215 
8 2165 2167 2173 2172 2210 2212 2218 2217 
8 2167 2169 2174 2173 2212 2214 2219 2218 
8 2171 2170 2175 2176 2216 2215 2220 2221 
8 2170 2172 2177 2175 2215 2217 2222 2220 
8 2172 2173 2178 2177 2217 2218 2223 2222 
8 2173 2174 2179 2178 2218 2219 2224 2223 
8 2176 2175 2180 2181 2221 2220 2225 2226 
8 2175 2177 2182 2180 2220 2222 2227 2225 
8 2177 2178 2183 2182 2222 2223 2228 2227 
8 2178 2179 2184 2183 2223 2224 2229 2228 
8 2181 2180 2185 2186 2226 2225 2230 2231 
8 2180 2182 2187 2185 2225 2227 2232 2230 
8 2182 2183 2188 2187 2227 2228 2233 2232 
8 2183 2184 2189 2188 2228 2229 2234 2233 
8 2186 2185 2190 2191 2231 2230 2235 2236 
8 2185 2187 2192 2190 2230 2232 2237 2235 
8 2187 2188 2193 2192 2232 2233 2238 2237 
8 2188 2189 2194 2193 2233 2234 2239 2238 
8 2191 2190 2195 2196 2236 2235 2240 2241 
8 2190 2192 2197 2195 2235 2237 2242 2240 
8 2192 2193 2198 2197 2237 2238 2243 2242 
8 2193 2194 2199 2198 2238 2239 2244 2243 
8 2196 2195 2200 2201 2241 2240 2245 2246 
8 2195 2197 2202 2200 2240 2242 2247 2245 
8 2197 2198 2203 2202 2242 2243 2248 2247 
8 2198 2199 2204 2203 2243 2244 2249 2248 
8 2250 2251 2252 2253 2295 2296 2297 2298 
8 2251 2254 2255 2252 2296 2299 2300 2297 
8 2254 2256 2257 2255 2299 2301 2302 2300 
8 2256 2258 2259 2257 2301 2303 2304 2302 
8 2253 2252 2260 2261 2298 2297 2305 2306 
8 2252 2255 2262 2260 2297 2300 2307 2305 
8 2255 2257 2263 2262 2300 2302 2308 2307 
8 2257 2259 2264 2263 2302 2304 2309 2308 
8 2261 2260 2265 2266 2306 2305 2310 2311 
8 2260 2262 2267 2265 2305 2307 2312 2310 
8 2262 2263 2268 2267 2307 2308 2313 2312 
8 2263 2264 2269 2268 2308 2309 2314 2313 
8 2266 2265 2270 2271 2311 2310 2315 2316 
8 2265 2267 2272 2270 2310 2312 2317 2315 
8 2267 2268 2273 2272 2312 2313 2318 2317 
8 2268 2269 2274 2273 2313 2314 2319 2318 
8 2271 2270 2275 2276 2316 2315 2320 2321 
8 2270 2272 2277 2275 2315 2317 2322 2320 
8 2272 2273 2278 2277 2317 2318 2323 2322 
8 2273 2274 2279 2278 2318 2319 2324 2323 
8 2276 2275 2280 2281 2321 2320 2325 2326 
8 2275 2277 2282 2280 2320 2322 2327 2325 
8 2277 2278 2283 2282 2322 2323 2328 2327 
8 2278 2279 2284 2283 2323 2324 2329 2328 
8 2281 2280 2285 2286 2326 2325 2330 2331 
8 2280 2282 2287 2285 2325 2327 2332 2330 
8 2282 2283 2288 2287 2327 2328 2333 2332 
8 2283 2284 2289 2288 2328 2329 2334 2333 
8 2286 2285 2290 2291 2331 2330 2335 2336 
8 2285 2287 2292 2290 2330 2332 2337 2335 
8 2287 2288 2293 2292 2332 2333 2338 2337 
8 2288 2289 2294 2293 2333 2334 2339 2338 
8 2340 2341 2342 2343 2385 2386 2387 2388 
8 2341 2344 2345 2342 2386 2389 2390 2387 
8 2344 2346 2347 2345 2389 2391 2392 2390 
8 2346 2348 2349 2347 2391 2393 2394 2392 
8 2343 2342 2350 2351 2388 2387 2395 2396 
8 2342 2345 2352 2350 2387 2390 2397 2395 
8 2345 2347 2353 2352 2390 2392 2398 2397 
8 2347 2349 2354 2353 2392 2394 2399 2398 
8 2351 2350 2355 2356 2396 2395 2400 2401 
8 2350 2352 2357 2355 2395 2397 2402 2400 
8 2352 2353 2358 2357 2397 2398 2403 2402 
8 2353 2354 2359 2358 2398 2399 2404 2403 
8 2356 2355 2360 2361 2401 2400 2405 2406 
8 2355 2357 2362 2360 2400 2402 2407 2405 
8 2357 2358 2363 2362 2402 2403 2408 2407 
8 2358 2359 2364 2363 2403 2404 2409 2408 
8 2361 2360 2365 2366 2406 2405 2410 2411 
8 2360 2362 2367 2365 2405 2407 2412 2410 
8 2362 2363 2368 2367 2407 2408 2413 2412 
8 2363 2364 2369 2368 2408 2409 2414 2413 
8 2366 2365 2370 2371 2411 2410 2415 2416 
8 2365 2367 2372 2370 2410 2412 2417 2415 
8 2367 2368 2373 2372 2412 2413 2418 2417 
8 2368 2369 2374 2373 2413 2414 2419 2418 
8 2371 2370 2375 2376 2416 2415 2420 2421 
8 2370 2372 2377 2375 2415 2417 2422 2420 
8 2372 2373 2378 2377 2417 2418 2423 2422 
8 2373 2374 2379 2378 2418 2419 2424 2423 
8 2376 2375 2380 2381 2421 2420 2425 2426 
8 2375 2377 2382 2380 2420 2422 2427 2425 
8 2377 2378 2383 2382 2422 2423 2428 2427 
8 2378 2379 2384 2383 2423 2424 2429 2428 
8 2430 2431 2432 2433 2475 2476 2477 2478 
8 2431 2434 2435 2432 2476 2479 2480 2477 
8 2434 2436 2437 2435 2479 2481 2482 2480 
8 2436 2438 2439 2437 2481 2483 2484 2482 
8 2433 2432 2440 2441 2478 2477 2485 2486 
8 2432 2435 2442 2440 2477 2480 2487 2485 
8 2435 2437 2443 2442 2480 2482 2488 2487 
8 2437 2439 2444 2443 2482 2484 2489 2488 
8 2441 2440 2445 2446 2486 2485 2490 2491 
8 2440 2442 2447 2445 2485 2487 2492 2490 
8 2442 2443 2448 2447 2487 2488 2493 2492 
8 2443 2444 2449 2448 2488 2489 2494 2493 
8 2446 2445 2450 2451 2491 2490 2495 2496 
8 2445 2447 2452 2450 2490 2492 2497 2495 
8 2447 2448 2453 2452 2492 2493 2498 2497 
8 2448 2449 2454 2453 2493 2494 2499 2498 
8 2451 2450 2455 2456 2496 2495 2500 2501 
8 2450 2452 2457 2455 2495 2497 2502 2500 
8 2452 2453 2458 2457 2497 2498 2503 2502 
8 2453 2454 2459 2458 2498 2499 2504 2503 
8 2456 2455 2460 2461 2501 2500 2505 2506 
8 2455 2457 2462 2460 2500 2502 2507 2505 
8 2457 2458 2463 2462 2502 2503 2508 2507 
8 2458 2459 2464 2463 2503 2504 2509 2508 
8 2461 2460 2465 2466 2506 2505 2510 2511 
8 2460 2462 2467 2465 2505 2507 2512 2510 
8 2462 2463 2468 2467 2507 2508 2513 2512 
8 2463 2464 2469 2468 2508 2509 2514 2513 
8 2466 2465 2470 2471 2511 2510 2515 2516 
8 2465 2467 2472 2470 2510 2512 2517 2515 
8 2467 2468 2473 2472 2512 2513 2518 2517 
8 2468 2469 2474 2473 2513 2514 2519 2518 
8 2520 2521 2522 2523 2565 2566 2567 2568 
8 2521 2524 2525 2522 2566 2569 2570 2567 
8 2524 2526 2527 2525 2569 2571 2572 2570 
8 2526 2528 2529 2527 2571 2573 2574 2572 
8 2523 2522 2530 2531 2568 2567 2575 2576 
8 2522 2525 2532 2530 2567 2570 2577 2575 
8 2525 2527 2533 2532 2570 2572 2578 2577 
8 2527 2529 2534 2533 2572 2574 2579 2578 
8 2531 2530 2535 2536 2576 2575 2580 2581 
8 2530 2532 2537 2535 2575 2577 2582 2580 
8 2532 2533 2538 2537 2577 2578 2583 2582 
8 2533 2534 2539 2538 2578 2579 2584 2583 
8 2536 2535 2540 2541 2581 2580 2585 2586 
8 2535 2537 2542 2540 2580 2582 2587 2585 
8 2537 2538 2543 2542 2582 2583 2588 2587 
8 2538 2539 2544 2543 2583 2584 2589 2588 
8 2541 2540 2545 2546 2586 2585 2590 2591 
8 2540 2542 2547 2545 2585 2587 2592 2590 
8 2542 2543 2548 2547 2587 2588 2593 2592 
8 2543 2544 2549 2548 2588 2589 2594 2593 
8 2546 2545 2550 2551 2591 2590 2595 2596 
8 2545 2547 2552 2550 2590 2592 2597 2595 
8 2547 2548 2553 2552 2592 2593 2598 2597 
8 2548 2549 2554 2553 2593 2594 2599 2598 
8 2551 2550 2555 2556 2596 2595 2600 2601 
8 2550 2552 2557 2555 2595 2597 2602 2600 
8 2552 2553 2558 2557 2597 2598 2603 2602 
8 2553 2554 2559 2558 2598 2599 2604 2603 
8 2556 2555 2560 2561 2601 2600 2605 2606 
8 2555 2557 2562 2560 2600 2602 2607 2605 
8 2557 2558 2563 2562 2602 2603 2608 2607 
8 2558 2559 2564 2563 2603 2604 2609 2608 
8 2610 2611 2612 2613 2655 2656 2657 2658 
8 2611 2614 2615 2612 2656 2659 2660 2657 
8 2614 2616 2617 2615 2659 2661 2662 2660 
8 2616 2618 2619 2617 2661 2663 2664 2662 
8 2613 2612 2620 2621 2658 2657 2665 2666 
8 2612 2615 2622 2620 2657 2660 2667 2665 
8 2615 2617 2623 2622 2660 2662 2668 2667 
8 2617 2619 2624 2623 2662 2664 2669 2668 
8 2621 2620 2625 2626 2666 2665 2670 2671 
8 2620 2622 2627 2625 2665 2667 2672 2670 
8 2622 2623 2628 2627 2667 2668 2673 2672 
8 2623 2624 2629 2628 2668 2669 2674 2673 
8 2626 2625 2630 2631 2671 2670 2675 2676 
8 2625 2627 2632 2630 2670 2672 2677 2675 
8 2627 2628 2633 2632 2672 2673 2678 2677 
8 2628 2629 2634 2633 2673 2674 2679 2678 
8 2631 2630 2635 2636 2676 2675 2680 2681 
8 2630 2632 2637 2635 2675 2677 2682 2680 
8 2632 2633 2638 2637 2677 2678 2683 2682 
8 2633 2634 2639 2638 2678 2679 2684 2683 
8 2636 2635 2640 2641 2681 2680 2685 2686 
8 2635 2637 2642 2640 2680 2682 2687 2685 
8 2637 2638 2643 2642 2682 2683 2688 2687 
8 2638 2639 2644 2643 2683 2684 2689 2688 
8 2641 2640 2645 2646 2686 2685 2690 2691 
8 2640 2642 2647 2645 2685 2687 2692 2690 
8 2642 2643 2648 2647 2687 2688 2693 2692 
8 2643 2644 2649 2648 2688 2689 2694 2693 
8 2646 2645 2650 2651 2691 2690 2695 2696 
8 2645 2647 2652 2650 2690 2692 2697 2695 
8 2647 2648 2653 2652 2692 2693 2698 2697 
8 2648 2649 2654 2653 2693 2694 2699 2698 
8 2700 2701 2702 2703 2745 2746 2747 2748 
8 2701 2704 2705 2702 2746 2749 2750 2747 
8 2704 2706 2707 2705 2749 2751 2752 2750 
8 2706 2708 2709 2707 2751 2753 2754 2752 
8 2703 2702 2710 2711 2748 2747 2755 2756 
8 2702 2705 2712 2710 2747 2750 2757 2755 
8 2705 2707 2713 2712 2750 2752 2758 2757 
8 2707 2709 2714 2713 2752 2754 2759 2758 
8 2711 2710 2715 2716 2756 2755 2760 2761 
8 2710 2712 2717 2715 2755 2757 2762 2760 
8 2712 2713 2718 2717 2757 2758 2763 2762 
8 2713 2714 2719 2718 2758 2759 2764 2763 
8 2716 2715 2720 2721 2761 2760 2765 2766 
8 2715 2717 2722 2720 2760 2762 2767 2765 
8 2717 2718 2723 2722 2762 2763 2768 2767 
8 2718 2719 2724 2723 2763 2764 2769 2768 
8 2721 2720 2725 2726 2766 2765 2770 2771 
8 2720 2722 2727 2725 2765 2767 2772 2770 
8 2722 2723 2728 2727 2767 2768 2773 2772 
8 2723 2724 2729 2728 2768 2769 2774 2773 
8 2726 2725 2730 2731 2771 2770 2775 2776 
8 2725 2727 2732 2730 2770 2772 2777 2775 
8 2727 2728 2733 2732 2772 2773 2778 2777 
8 2728 2729 2734 2733 2773 2774 2779 2778 
8 2731 2730 2735 2736 2776 2775 2780 2781 
8 2730 2732 2737 2735 2775 2777 2782 2780 
8 2732 2733 2738 2737 2777 2778 2783 2782 
8 2733 2734 2739 2738 2778 2779 2784 2783 
8 2736 2735 2740 2741 2781 2780 2785 2786 
8 2735 2737 2742 2740 2780 2782 2787 2785 
8 2737 2738 2743 2742 2782 2783 2788 2787 
8 2738 2739 2744 2743 2783 2784 2789 2788 
8 2790 2791 2792 2793 2835 2836 2837 2838 
8 2791 2794 2795 2792 2836 2839 2840 2837 
8 2794 2796 2797 2795 2839 2841 2842 2840 
8 2796 2798 2799 2797 2841 2843 2844 2842 
8 2793 2792 2800 2801 2838 2837 2845 2846 
8 2792 2795 2802 2800 2837 2840 2847 2845 
8 2795 2797 2803 2802 2840 2842 2848 2847 
8 2797 2799 2804 2803 2842 2844 2849 2848 
8 2801 2800 2805 2806 2846 2845 2850 2851 
8 2800 2802 2807 2805 2845 2847 2852 2850 
8 2802 2803 2808 2807 2847 2848 2853 2852 
8 2803 2804 2809 2808 2848 2849 2854 2853 
8 2806 2805 2810 2811 2851 2850 2855 2856 
8 2805 2807 2812 2810 2850 2852 2857 2855 
8 2807 2808 2813 2812 2852 2853 2858 2857 
8 2808 2809 2814 2813 2853 2854 2859 2858 
8 2811 2810 2815 2816 2856 2855 2860 2861 
8 2810 2812 2817 2815 2855 2857 2862 2860 
8 2812 2813 2818 2817 2857 2858 2863 2862 
8 2813 2814 2819 2818 2858 2859 2864 2863 
8 2816 2815 2820 2821 2861 2860 2865 2866 
8 2815 2817 2822 2820 2860 2862 2867 2865 
8 2817 2818 2823 2822 2862 2863 2868 2867 
8 2818 2819 2824 2823 2863 2864 2869 2868 
8 2821 2820 2825 2826 2866 2865 2870 2871 
8 2820 2822 2827 2825 2865 2867 2872 2870 
8 2822 2823 2828 2827 2867 2868 2873 2872 
8 2823 2824 2829 2828 2868 2869 2874 2873 
8 2826 2825 2830 2831 2871 2870 2875 2876 
8 2825 2827 2832 2830 2870 2872 2877 2875 
8 2827 2828 2833 2832 2872 2873 2878 2877 
8 2828 2829 2834 2833 2873 2874 2879 2878 

CELL_TYPES 1024
12
12
12
12
12
12
12
12
12
12
12
12
12
12
12
12
12
12
12
12
12
12
12
12
12
12
12
12
12
12
12
12
12
12
12
12
12
12
12
12
12
12
12
12
12
12
12
12
12
12
12
12
12
12
12
12
12
12
12
12
12
12
12
12
12
12
12
12
12
12
12
12
12
12
12
12
12
12
12
12
12
12
12
12
12
12
12
12
12
12
12
12
12
12
12
12
12
12
12
12
12
12
12
12
12
12
12
12
12
12
12
12
12
12
12
12
12
12
12
12
12
12
12
12
12
12
12
12
12
12
12
12
12
12
12
12
12
12
12
12
12
12
12
12
12
12
12
12
12
12
12
12
12
12
12
12
12
12
12
12
12
12
12
12
12
12
12
12
12
12
12
12
12
12
12
12
12
12
12
12
12
12
12
12
12
12
12
12
12
12
12
12
12
12
12
12
12
12
12
12
12
12
12
12
12
12
12
12
12
12
12
12
12
12
12
12
12
12
12
12
12
12
12
12
12
12
12
12
12
12
12
12
12
12
12
12
12
12
12
12
12
12
12
12
12
12
12
12
12
12
12
12
12
12
12
12
12
12
12
12
12
12
12
12
12
12
12
12
12
12
12
12
12
12
12
12
12
12
12
12
12
12
12
12
12
12
12
12
12
12
12
12
12
12
12
12
12
12
12
12
12
12
12
12
12
12
12
12
12
12
12
12
12
12
12
12
12
12
12
12
12
12
12
12
12
12
12
12
12
12
12
12
12
12
12
12
12
12
12
12
12
12
12
12
12
12
12
12
12
12
12
12
12
12
12
12
12
12
12
12
12
12
12
12
12
12
12
12
12
12
12
12
12
12
12
12
12
12
12
12
12
12
12
12
12
12
12
12
12
12
12
12
12
12
12
12
12
12
12
12
12
12
12
12
12
12
12
12
12
12
12
12
12
12
12
12
12
12
12
12
12
12
12
12
12
12
12
12
12
12
12
12
12
12
12
12
12
12
12
12
12
12
12
12
12
12
12
12
12
12
12
12
12
12
12
12
12
12
12
12
12
12
12
12
12
12
12
12
12
12
12
12
12
12
12
12
12
12
12
12
12
12
12
12
12
12
12
12
12
12
12
12
12
12
12
12
12
12
12
12
12
12
12
12
12
12
12
12
12
12
12
12
12
12
12
12
12
12
12
12
12
12
12
12
12
12
12
12
12
12
12
12
12
12
12
12
12
12
12
12
12
12
12
12
12
12
12
12
12
12
12
12
12
12
12
12
12
12
12
12
12
12
12
12
12
12
12
12
12
12
12
12
12
12
12
12
12
12
12
12
12
12
12
12
12
12
12
12
12
12
12
12
12
12
12
12
12
12
12
12
12
12
12
12
12
12
12
12
12
12
12
12
12
12
12
12
12
12
12
12
12
12
12
12
12
12
12
12
12
12
12
12
12
12
12
12
12
12
12
12
12
12
12
12
12
12
12
12
12
12
12
12
12
12
12
12
12
12
12
12
12
12
12
12
12
12
12
12
12
12
12
12
12
12
12
12
12
12
12
12
12
12
12
12
12
12
12
12
12
12
12
12
12
12
12
12
12
12
12
12
12
12
12
12
12
12
12
12
12
12
12
12
12
12
12
12
12
12
12
12
12
12
12
12
12
12
12
12
12
12
12
12
12
12
12
12
12
12
12
12
12
12
12
12
12
12
12
12
12
12
12
12
12
12
12
12
12
12
12
12
12
12
12
12
12
12
12
12
12
12
12
12
12
12
12
12
12
12
12
12
12
12
12
12
12
12
12
12
12
12
12
12
12
12
12
12
12
12
12
12
12
12
12
12
12
12
12
12
12
12
12
12
12
12
12
12
12
12
12
12
12
12
12
12
12
12
12
12
12
12
12
12
12
12
12
12
12
12
12
12
12
12
12
12
12
12
12
12
12
12
12
12
12
12
12
12
12
12
12
12
12
12
12
12
12
12
12
12
12
12
12
12
12
12
12
12
12
12
12
12
12
12
12
12
12
12
12
12
12
12
12
12
12
12
12
12
12
12
12
12
12
12
12
12
12
12
12
12
12
12
12
12
12
12
12
12
12
12
12
12
12
12
12
12
12
12
12
12
12
12
12
12
12
12
12
12
12
12
12
12
12
12
12
12
12
12
12
12
12
12
12
12
12
12
12
12
12
12
12
12
12
12
12
12
12
12
12
12
12
12
12
12
12
12
12
12
12
12
12
12
12
12
12
12
12
12
12
12
12
12
12
12
12
12
12
12
12
12
12
12
12
12
12
12
12
12
12
12
12
12
12
12
12
12
12
12
12
12
12
12
12
12
12
12

CELL_DATA 1024
SCALARS face_id int
LOOKUP_TABLE default
401408
401409
401410
401411
401440
401441
401442
401443
401472
401473
401474
401475
401504
401505
401506
401507
401536
401537
401538
401539
401568
401569
401570
401571
401600
401601
401602
401603
401632
401633
401634
401635
401412
401413
401414
401415
401444
401445
401446
401447
401476
401477
401478
401479
401508
401509
401510
401511
401540
401541
401542
401543
401572
401573
401574
401575
401604
401605
401606
401607
401636
401637
401638
401639
401416
401417
401418
401419
401448
401449
401450
401451
401480
401481
401482
401483
401512
401513
401514
401515
401544
401545
401546
401547
401576
401577
401578
401579
401608
401609
401610
401611
401640
401641
401642
401643
401420
401421
401422
401423
401452
401453
401454
401455
401484
401485
401486
401487
401516
401517
401518
401519
401548
401549
401550
401551
401580
401581
401582
401583
401612
401613
401614
401615
401644
401645
401646
401647
401424
401425
401426
401427
401456
401457
401458
401459
401488
401489
401490
401491
401520
401521
401522
401523
401552
401553
401554
401555
401584
401585
401586
401587
401616
401617
401618
401619
401648
401649
401650
401651
401428
401429
401430
401431
401460
401461
401462
401463
401492
401493
401494
401495
401524
401525
401526
401527
401556
401557
401558
401559
401588
401589
401590
401591
401620
401621
401622
401623
401652
401653
401654
401655
401432
401433
401434
401435
401464
401465
401466
401467
401496
401497
401498
401499
401528
401529
401530
401531
401560
401561
401562
401563
401592
401593
401594
401595
401624
401625
401626
401627
401656
401657
401658
401659
401436
401437
401438
401439
401468
401469
401470
401471
401500
401501
401502
401503
401532
401533
401534
401535
401564
401565
401566
401567
401596
401597
401598
401599
401628
401629
401630
401631
401660
401661
401662
401663
401664
401665
401666
401667
401696
401697
401698
401699
401728
401729
401730
401731
401760
401761
401762
401763
401792
401793
401794
401795
401824
401825
401826
401827
401856
401857
401858
401859
401888
401889
401890
401891
401668
401669
401670
401671
401700
401701
401702
401703
401732
401733
401734
401735
401764
401765
401766
401767
401796
401797
401798
401799
401828
401829
401830
401831
401860
401861
401862
401863
401892
401893
401894
401895
401672
401673
401674
401675
401704
401705
401706
401707
401736
401737
401738
401739
401768
401769
401770
401771
401800
401801
401802
401803
401832
401833
401834
401835
401864
401865
401866
401867
401896
401897
401898
401899
401676
401677
401678
401679
401708
401709
401710
401711
401740
401741
401742
401743
401772
401773
401774
401775
401804
401805
401806
401807
401836
401837
401838
401839
401868
401869
401870
401871
401900
401901
401902
401903
401680
401681
401682
401683
401712
401713
401714
401715
401744
401745
401746
401747
401776
401777
401778
401779
401808
401809
401810
401811
401840
401841
401842
401843
401872
401873
401874
401875
401904
401905
401906
401907
401684
401685
401686
401687
401716
401717
401718
401719
401748
401749
401750
401751
401780
401781
401782
401783
401812
401813
401814
401815
401844
401845
401846
401847
401876
401877
401878
401879
401908
401909
401910
401911
401688
401689
401690
401691
401720
401721
401722
401723
401752
401753
401754
401755
401784
401785
401786
401787
401816
401817
401818
401819
401848
401849
401850
401851
401880
401881
401882
401883
401912
401913
401914
401915
401692
401693
401694
401695
401724
401725
401726
401727
401756
401757
401758
401759
401788
401789
401790
401791
401820
401821
401822
401823
401852
401853
401854
401855
401884
401885
401886
401887
401916
401917
401918
401919
401920
401921
401922
401923
401952
401953
401954
401955
401984
401985
401986
401987
402016
402017
402018
402019
402048
402049
402050
402051
402080
402081
402082
402083
402112
402113
402114
402115
402144
402145
402146
402147
401924
401925
401926
401927
401956
401957
401958
401959
401988
401989
401990
401991
402020
402021
402022
402023
402052
402053
402054
402055
402084
402085
402086
402087
402116
402117
402118
402119
402148
402149
402150
402151
401928
401929
401930
401931
401960
401961
401962
401963
401992
401993
401994
401995
402024
402025
402026
402027
402056
402057
402058
402059
402088
402089
402090
402091
402120
402121
402122
402123
402152
402153
402154
402155
401932
401933
401934
401935
401964
401965
401966
401967
401996
401997
401998
401999
402028
402029
402030
402031
402060
402061
402062
402063
402092
402093
402094
402095
402124
402125
402126
402127
402156
402157
402158
402159
401936
401937
401938
401939
401968
401969
401970
401971
402000
402001
402002
402003
402032
402033
402034
402035
402064
402065
402066
402067
402096
402097
402098
402099
402128
402129
402130
402131
402160
402161
402162
402163
401940
401941
401942
401943
401972
401973
401974
401975
402004
402005
402006
402007
402036
402037
402038
402039
402068
402069
402070
402071
402100
402101
402102
402103
402132
402133
402134
402135
402164
402165
402166
402167
401944
401945
401946
401947
401976
401977
401978
401979
402008
402009
402010
402011
402040
402041
402042
402043
402072
402073
402074
402075
402104
402105
402106
402107
402136
402137
402138
402139
402168
402169
402170
402171
401948
401949
401950
401951
401980
401981
401982
401983
402012
402013
402014
402015
402044
402045
402046
402047
402076
402077
402078
402079
402108
402109
402110
402111
402140
402141
402142
402143
402172
402173
402174
402175
402176
402177
402178
402179
402208
402209
402210
402211
402240
402241
402242
402243
402272
402273
402274
402275
402304
402305
402306
402307
402336
402337
402338
402339
402368
402369
402370
402371
402400
402401
402402
402403
402180
402181
402182
402183
402212
402213
402214
402215
402244
402245
402246
402247
402276
402277
402278
402279
402308
402309
402310
402311
402340
402341
402342
402343
402372
402373
402374
402375
402404
402405
402406
402407
402184
402185
402186
402187
402216
402217
402218
402219
402248
402249
402250
402251
402280
402281
402282
402283
402312
402313
402314
402315
402344
402345
402346
402347
402376
402377
402378
402379
402408
402409
402410
402411
402188
402189
402190
402191
402220
402221
402222
402223
402252
402253
402254
402255
402284
402285
402286
402287
402316
402317
402318
402319
402348
402349
402350
402351
402380
402381
402382
402383
402412
402413
402414
402415
402192
402193
402194
402195
402224
402225
402226
402227
402256
402257
402258
402259
402288
402289
402290
402291
402320
402321
402322
402323
402352
402353
402354
402355
402384
402385
402386
402387
402416
402417
402418
402419
402196
402197
402198
402199
402228
402229
402230
402231
402260
402261
402262
402263
402292
402293
402294
402295
402324
402325
402326
402327
402356
402357
402358
402359
402388
402389
402390
402391
402420
402421
402422
402423
402200
402201
402202
402203
402232
402233
402234
402235
402264
402265
402266
402267
402296
402297
402298
402299
402328
402329
402330
402331
402360
402361
402362
402363
402392
402393
402394
402395
402424
402425
402426
402427
402204
402205
402206
402207
402236
402237
402238
402239
402268
402269
402270
402271
402300
402301
402302
402303
402332
402333
402334
402335
402364
402365
402366
402367
402396
402397
402398
402399
402428
402429
402430
402431
SCALARS cell_id int
LOOKUP_TABLE default
401408
401409
401410
401411
401440
401441
401442
401443
401472
401473
401474
401475
401504
401505
401506
401507
401536
401537
401538
401539
401568
401569
401570
401571
401600
401601
401602
401603
401632
401633
401634
401635
401412
401413
401414
401415
401444
401445
401446
401447
401476
401477
401478
401479
401508
401509
401510
401511
401540
401541
401542
401543
401572
401573
401574
401575
401604
401605
401606
401607
401636
401637
401638
401639
401416
401417
401418
401419
401448
401449
401450
401451
401480
401481
401482
401483
401512
401513
401514
401515
401544
401545
401546
401547
401576
401577
401578
401579
401608
401609
401610
401611
401640
401641
401642
401643
401420
401421
401422
401423
401452
401453
401454
401455
401484
401485
401486
401487
401516
401517
401518
401519
401548
401549
401550
401551
401580
401581
401582
401583
401612
401613
401614
401615
401644
401645
401646
401647
401424
401425
401426
401427
401456
401457
401458
401459
401488
401489
401490
401491
401520
401521
401522
401523
401552
401553
401554
401555
401584
401585
401586
401587
401616
401617
401618
401619
401648
401649
401650
401651
401428
401429
401430
401431
401460
401461
401462
401463
401492
401493
401494
401495
401524
401525
401526
401527
401556
401557
401558
401559
401588
401589
401590
401591
401620
401621
401622
401623
401652
401653
401654
401655
401432
401433
401434
401435
401464
401465
401466
401467
401496
401497
401498
401499
401528
401529
401530
401531
401560
401561
401562
401563
401592
401593
401594
401595
401624
401625
401626
401627
401656
401657
401658
401659
401436
401437
401438
401439
401468
401469
401470
401471
401500
401501
401502
401503
401532
401533
401534
401535
401564
401565
401566
401567
401596
401597
401598
401599
401628
401629
401630
401631
401660
401661
401662
401663
401664
401665
401666
401667
401696
401697
401698
401699
401728
401729
401730
401731
401760
401761
401762
401763
401792
401793
401794
401795
401824
401825
401826
401827
401856
401857
401858
401859
401888
401889
401890
401891
401668
401669
401670
401671
401700
401701
401702
401703
401732
401733
401734
401735
401764
401765
401766
401767
401796
401797
401798
401799
401828
401829
401830
401831
401860
401861
401862
401863
401892
401893
401894
401895
401672
401673
401674
401675
401704
401705
401706
401707
401736
401737
401738
401739
401768
401769
401770
401771
401800
401801
401802
401803
401832
401833
401834
401835
401864
401865
401866
401867
401896
401897
401898
401899
401676
401677
401678
401679
401708
401709
401710
401711
401740
401741
401742
401743
401772
401773
401774
401775
401804
401805
401806
401807
401836
401837
401838
401839
401868
401869
401870
401871
401900
401901
401902
401903
401680
401681
401682
401683
401712
401713
401714
401715
401744
401745
401746
401747
401776
401777
401778
401779
401808
401809
401810
401811
401840
401841
401842
401843
401872
401873
401874
401875
401904
401905
401906
401907
401684
401685
401686
401687
401716
401717
401718
401719
401748
401749
401750
401751
401780
401781
401782
401783
401812
401813
401814
401815
401844
401845
401846
401847
401876
401877
401878
401879
401908
401909
401910
401911
401688
401689
401690
401691
401720
401721
401722
401723
401752
401753
401754
401755
401784
401785
401786
401787
401816
401817
401818
401819
401848
401849
401850
401851
401880
401881
401882
401883
401912
401913
401914
401915
401692
401693
401694
401695
401724
401725
401726
401727
401756
401757
401758
401759
401788
401789
401790
401791
401820
401821
401822
401823
401852
401853
401854
401855
401884
401885
401886
401887
401916
401917
401918
401919
401920
401921
401922
401923
401952
401953
401954
401955
401984
401985
401986
401987
402016
402017
402018
402019
402048
402049
402050
402051
402080
402081
402082
402083
402112
402113
402114
402115
402144
402145
402146
402147
401924
401925
401926
401927
401956
401957
401958
401959
401988
401989
401990
401991
402020
402021
402022
402023
402052
402053
402054
402055
402084
402085
402086
402087
402116
402117
402118
402119
402148
402149
402150
402151
401928
401929
401930
401931
401960
401961
401962
401963
401992
401993
401994
401995
402024
402025
402026
402027
402056
402057
402058
402059
402088
402089
402090
402091
402120
402121
402122
402123
402152
402153
402154
402155
401932
401933
401934
401935
401964
401965
401966
401967
401996
401997
401998
401999
402028
402029
402030
402031
402060
402061
402062
402063
402092
402093
402094
402095
402124
402125
402126
402127
402156
402157
402158
402159
401936
401937
401938
401939
401968
401969
401970
401971
402000
402001
402002
402003
402032
402033
402034
402035
402064
402065
402066
402067
402096
402097
402098
402099
402128
402129
402130
402131
402160
402161
402162
402163
401940
401941
401942
401943
401972
401973
401974
401975
402004
402005
402006
402007
402036
402037
402038
402039
402068
402069
402070
402071
402100
402101
402102
402103
402132
402133
402134
402135
402164
402165
402166
402167
401944
401945
401946
401947
401976
401977
401978
401979
402008
402009
402010
402011
402040
402041
402042
402043
402072
402073
402074
402075
402104
402105
402106
402107
402136
402137
402138
402139
402168
402169
402170
402171
401948
401949
401950
401951
401980
401981
401982
401983
402012
402013
402014
402015
402044
402045
402046
402047
402076
402077
402078
402079
402108
402109
402110
402111
402140
402141
402142
402143
402172
402173
402174
402175
402176
402177
402178
402179
402208
402209
402210
402211
402240
402241
402242
402243
402272
402273
402274
402275
402304
402305
402306
402307
402336
402337
402338
402339
402368
402369
402370
402371
402400
402401
402402
402403
402180
402181
402182
402183
402212
402213
402214
402215
402244
402245
402246
402247
402276
402277
402278
402279
402308
402309
402310
402311
402340
402341
402342
402343
402372
402373
402374
402375
402404
402405
402406
402407
402184
402185
402186
402187
402216
402217
402218
402219
402248
402249
402250
402251
402280
402281
402282
402283
402312
402313
402314
402315
402344
402345
402346
402347
402376
402377
402378
402379
402408
402409
402410
402411
402188
402189
402190
402191
402220
402221
402222
402223
402252
402253
402254
402255
402284
402285
402286
402287
402316
402317
402318
402319
402348
402349
402350
402351
402380
402381
402382
402383
402412
402413
402414
402415
402192
402193
402194
402195
402224
402225
402226
402227
402256
402257
402258
402259
402288
402289
402290
402291
402320
402321
402322
402323
402352
402353
402354
402355
402384
402385
402386
402387
402416
402417
402418
402419
402196
402197
402198
402199
402228
402229
402230
402231
402260
402261
402262
402263
402292
402293
402294
402295
402324
402325
402326
402327
402356
402357
402358
402359
402388
402389
402390
402391
402420
402421
402422
402423
402200
402201
402202
402203
402232
402233
402234
402235
402264
402265
402266
402267
402296
402297
402298
402299
402328
402329
402330
402331
402360
402361
402362
402363
402392
402393
402394
402395
402424
402425
402426
402427
402204
402205
402206
402207
402236
402237
402238
402239
402268
402269
402270
402271
402300
402301
402302
402303
402332
402333
402334
402335
402364
402365
402366
402367
402396
402397
402398
402399
402428
402429
402430
402431
